ibge7,Alagamento,Colapso,Corrida de massa,Deslizamento,Enchente,Enxurrada,Erosão,Expansão/Contração de argilas,Inundação,Outros,Queda,Rastejo,Subsidência,Tombamento,Alto,Muito alto,n_risco
1100015,0,0,0,0,0,0,0,0,1,0,0,0,0,0,1,0,1
1100023,0,0,0,3,0,0,2,0,8,0,1,0,0,0,14,0,14
1100049,0,0,0,0,16,0,0,0,0,0,0,0,0,0,16,0,16
1100064,6,0,0,0,0,0,1,0,0,0,0,0,0,0,6,1,7
1100080,0,0,0,0,0,0,0,0,1,0,0,0,0,0,1,0,1
1100098,0,0,0,0,0,0,0,0,2,0,0,0,0,0,2,0,2
1100106,0,0,0,0,0,0,0,0,3,0,0,0,0,0,3,0,3
1100114,0,0,0,1,0,0,0,0,4,0,0,0,0,0,5,0,5
1100122,0,0,0,0,0,0,2,0,2,0,0,0,0,0,2,2,4
1100130,0,0,0,2,0,0,0,0,0,0,0,0,0,0,0,2,2
1100148,0,0,0,1,0,0,0,0,1,0,0,0,0,0,2,0,2
1100155,0,0,0,0,0,0,1,0,1,0,1,0,0,0,3,0,3
1100189,0,0,0,0,0,0,0,0,3,0,0,0,0,0,3,0,3
1100205,0,0,0,5,0,0,12,0,52,0,0,0,0,0,50,19,69
1100288,0,0,0,0,0,0,0,0,2,0,0,0,0,0,2,0,2
1100296,0,0,0,1,0,0,0,0,1,0,0,0,0,0,2,0,2
1100304,0,0,0,0,0,0,4,0,2,0,0,0,0,0,4,2,6
1100338,0,0,0,0,0,0,0,0,6,0,0,0,0,0,6,0,6
1100346,0,0,0,0,0,0,0,0,1,0,0,0,0,0,1,0,1
1100379,0,0,0,0,0,0,0,0,1,0,0,0,0,0,1,0,1
1100452,0,0,0,0,0,0,0,0,15,0,0,0,0,0,15,0,15
1100809,0,0,0,0,0,0,1,0,2,0,0,0,0,0,2,1,3
1100924,0,0,0,0,0,0,1,0,1,0,0,0,0,0,2,0,2
1101104,0,0,0,0,0,0,0,0,2,0,0,0,0,0,2,0,2
1101203,0,0,0,0,0,0,0,0,1,0,0,0,0,0,1,0,1
1101450,0,0,0,0,0,0,0,0,1,0,0,0,0,0,1,0,1
1101468,0,0,0,0,0,0,1,0,1,0,0,0,0,0,2,0,2
1101559,0,0,0,0,0,0,0,0,2,0,0,0,0,0,2,0,2
1200054,0,0,0,0,0,0,0,0,2,0,0,1,0,0,2,1,3
1200104,0,0,0,0,9,0,9,0,0,0,0,0,0,0,12,6,18
1200203,0,0,0,4,0,0,8,0,5,0,0,0,0,0,7,10,17
1200252,0,0,0,5,1,0,0,0,0,0,0,0,0,0,6,0,6
1200302,0,0,0,1,0,0,1,0,1,0,0,0,0,0,1,2,3
1200328,0,0,0,0,1,0,0,0,0,0,0,0,0,0,1,0,1
1200344,0,0,0,0,0,0,0,0,1,0,0,0,0,0,1,0,1
1200351,0,0,0,1,2,0,0,0,0,0,0,4,0,0,0,7,7
1200385,0,0,0,0,0,0,1,0,3,0,0,0,0,0,3,1,4
1200393,0,0,0,2,0,0,2,0,0,0,0,0,0,0,3,1,4
1200401,0,0,0,6,0,3,22,0,18,0,0,7,0,0,33,23,56
1200427,0,0,0,2,0,0,0,0,0,0,0,0,0,0,2,0,2
1200435,0,0,0,0,0,0,0,0,4,0,0,0,0,0,3,1,4
1200450,0,0,0,0,0,0,0,0,1,0,0,0,0,0,1,0,1
1200500,0,0,0,0,0,0,5,0,4,0,0,0,0,0,4,5,9
1200609,0,0,0,1,0,0,2,0,1,0,0,1,0,0,3,2,5
1200708,0,0,0,0,0,0,7,0,15,0,0,0,0,0,2,20,22
1200807,0,0,0,0,0,0,1,0,1,0,0,0,0,0,1,1,2
1300029,1,0,0,2,0,0,0,0,3,0,0,0,0,0,3,3,6
1300060,0,0,0,1,0,0,2,0,0,0,0,0,0,0,0,3,3
1300086,0,0,0,0,0,0,1,0,1,0,0,0,0,0,1,1,2
1300102,0,0,0,0,0,0,0,0,7,0,0,0,0,0,0,7,7
1300144,0,0,0,3,1,0,0,0,2,0,0,0,0,0,2,4,6
1300201,0,0,0,0,0,0,1,0,0,0,0,0,0,0,1,0,1
1300409,0,0,0,0,0,0,5,0,3,0,0,0,0,0,8,0,8
1300508,0,0,0,0,0,0,1,0,0,0,0,0,0,0,0,1,1
1300607,0,0,0,1,0,0,2,0,0,0,0,0,0,0,3,0,3
1300631,0,0,0,0,0,0,4,0,5,0,0,0,0,0,8,1,9
1300680,0,0,0,0,0,0,1,0,1,0,0,0,0,0,0,2,2
1300706,0,0,0,0,0,0,3,0,4,0,0,0,0,0,0,7,7
1300805,0,0,0,1,0,0,1,0,5,0,0,0,0,0,5,2,7
1300839,0,0,0,0,0,0,0,0,1,0,0,0,0,0,1,0,1
1300904,0,0,0,0,0,0,1,0,3,0,0,0,0,0,4,0,4
1301001,0,0,0,7,0,0,10,0,1,0,0,0,0,0,7,11,18
1301100,0,0,0,10,0,0,1,0,0,0,0,0,0,0,6,5,11
1301159,0,0,0,0,0,0,0,0,2,0,0,0,0,0,2,0,2
1301209,0,0,0,16,0,0,1,0,0,0,0,0,0,0,6,11,17
1301308,0,0,0,0,0,0,0,0,6,0,0,0,0,0,6,0,6
1301407,0,0,0,0,0,0,2,0,1,0,0,0,0,0,1,2,3
1301506,0,0,0,1,0,0,0,0,4,0,0,0,0,0,4,1,5
1301605,0,0,0,6,0,0,1,0,2,0,0,0,0,0,4,5,9
1301654,0,0,0,0,0,0,1,0,3,0,0,0,0,0,3,1,4
1301704,0,0,0,2,0,0,0,0,0,0,0,0,0,0,2,0,2
1301803,1,0,0,0,0,0,6,0,2,0,0,0,0,0,3,6,9
1301852,0,0,0,7,0,2,6,0,1,0,0,0,0,0,9,7,16
1301902,0,0,0,0,0,0,4,0,2,0,0,0,0,0,4,2,6
1301951,0,0,0,1,0,0,3,0,1,0,0,0,0,0,2,3,5
1302009,0,0,0,5,0,0,2,0,1,0,0,1,0,0,6,3,9
1302108,0,0,0,3,0,0,0,0,0,0,0,0,0,0,3,0,3
1302207,2,0,0,2,0,0,1,0,1,0,0,0,0,0,5,1,6
1302306,0,0,0,0,0,0,1,0,0,0,0,0,0,0,1,0,1
1302405,0,0,0,0,0,0,2,0,0,0,0,0,0,0,2,0,2
1302504,0,0,0,12,0,0,1,0,1,0,0,0,0,0,7,7,14
1302553,0,0,0,14,0,0,0,0,0,0,0,0,0,0,8,6,14
1302603,37,1,0,295,31,2,39,0,32,0,0,0,1,0,362,76,438
1302702,0,0,0,3,0,0,0,0,0,0,0,0,0,0,0,3,3
1302801,0,0,0,14,0,0,19,0,0,0,0,0,0,0,8,25,33
1303007,0,0,0,3,0,0,1,0,2,0,0,0,0,0,5,1,6
1303106,0,0,0,0,0,0,1,0,0,0,0,0,0,0,0,1,1
1303304,0,0,0,1,1,0,0,0,0,0,0,0,0,0,1,1,2
1303403,0,0,0,0,0,0,3,0,0,0,0,0,0,0,1,2,3
1303502,0,0,0,2,0,0,2,0,1,0,0,0,0,0,1,4,5
1303536,0,0,0,4,0,1,0,0,0,0,0,0,0,0,5,0,5
1303569,0,0,0,9,0,2,0,0,0,0,0,0,0,0,9,2,11
1303700,0,0,0,1,0,0,3,0,0,0,0,0,0,0,1,3,4
1303809,2,0,0,5,0,0,0,0,5,0,2,0,0,0,12,2,14
1303908,0,0,0,0,0,0,1,0,1,0,0,3,0,0,3,2,5
1303957,0,0,0,0,0,0,4,0,0,0,0,0,0,0,3,1,4
1304005,0,0,0,5,0,0,0,0,1,0,0,0,0,0,4,2,6
1304062,0,0,0,0,0,0,3,0,0,0,0,0,0,0,2,1,3
1304104,0,0,0,2,0,0,0,0,2,0,0,0,0,0,2,2,4
1304203,0,0,0,2,1,0,1,0,1,0,0,0,0,0,3,2,5
1304237,0,0,0,0,0,0,4,0,2,0,0,0,0,0,3,3,6
1304302,0,0,0,1,0,0,3,0,2,0,0,0,0,0,5,1,6
1304401,0,0,0,0,0,0,3,0,4,0,0,0,0,0,1,6,7
1400100,0,0,0,0,0,0,0,0,23,0,0,0,0,0,4,19,23
1400209,0,0,0,0,0,0,0,0,1,0,0,0,0,0,1,0,1
1400456,0,0,0,8,0,0,0,0,0,0,1,0,0,0,4,5,9
1500107,0,0,0,0,0,0,10,0,12,0,0,0,0,0,21,1,22
1500131,0,0,0,3,0,0,0,0,0,0,0,0,0,0,3,0,3
1500206,0,0,0,0,0,0,2,0,5,0,0,0,0,0,2,5,7
1500347,0,0,0,0,0,0,0,0,4,0,0,0,0,0,0,4,4
1500404,0,0,0,9,0,3,6,0,1,0,0,0,0,0,7,12,19
1500503,0,0,0,7,0,0,0,0,54,0,0,0,0,0,41,20,61
1500602,0,0,0,10,0,0,0,0,1,0,0,0,0,0,7,4,11
1500800,7,0,0,1,0,0,8,0,27,0,0,0,0,0,7,36,43
1500859,0,0,0,2,0,0,0,0,1,0,0,0,0,0,1,2,3
1501006,0,0,0,1,0,0,1,0,4,0,0,0,0,0,6,0,6
1501204,0,0,0,5,0,4,1,0,10,0,0,0,0,0,8,12,20
1501253,0,0,0,0,0,1,0,0,2,0,0,0,0,0,3,0,3
1501303,0,0,1,0,0,0,6,0,2,0,0,0,0,0,7,2,9
1501402,8,0,0,0,0,0,49,0,70,0,0,0,0,0,32,95,127
1501451,0,0,0,2,0,0,0,0,9,0,0,0,0,0,2,9,11
1501709,0,0,0,2,0,0,2,0,1,0,0,0,0,0,4,1,5
1502004,0,0,0,0,0,0,1,0,2,0,0,0,0,0,0,3,3
1502103,0,0,0,0,0,0,5,0,0,0,0,0,0,0,2,3,5
1502152,0,0,0,3,0,0,0,0,1,0,0,0,0,0,4,0,4
1502400,0,0,0,0,0,0,2,0,5,0,0,0,0,0,4,3,7
1502509,0,0,0,0,0,0,14,0,1,0,0,0,0,0,5,10,15
1502608,0,0,0,0,0,0,2,0,0,0,0,0,0,0,2,0,2
1502707,0,0,0,0,0,0,2,0,1,0,0,0,0,0,0,3,3
1502772,0,0,0,0,0,0,0,0,4,0,0,0,0,0,0,4,4
1502855,2,0,0,1,0,5,3,0,19,0,0,0,0,0,9,21,30
1502905,0,0,0,0,0,0,1,0,1,0,0,0,0,0,1,1,2
1502954,0,0,0,0,0,0,0,0,10,0,0,0,0,0,1,9,10
1503002,0,0,0,2,0,3,4,0,6,0,0,0,0,0,8,7,15
1503044,0,0,0,0,0,0,0,0,1,0,0,0,0,0,1,0,1
1503077,0,0,0,0,0,0,1,0,2,0,0,0,0,0,3,0,3
1503101,0,0,0,0,0,0,0,0,4,0,0,0,0,0,4,0,4
1503200,1,0,0,0,0,0,0,0,4,0,0,0,0,0,3,2,5
1503507,0,0,0,2,0,0,2,0,9,0,0,0,0,0,7,6,13
1503606,0,0,0,12,0,0,2,0,7,0,0,0,0,0,6,15,21
1503705,0,0,0,0,0,0,0,0,7,0,0,0,0,0,0,7,7
1503754,0,0,0,0,0,0,4,0,3,0,0,0,0,0,3,4,7
1503804,0,0,0,0,0,0,0,0,6,0,0,0,0,0,6,0,6
1503903,0,0,0,3,0,0,0,0,9,0,0,0,0,0,11,1,12
1504208,0,0,0,2,0,0,0,0,11,0,0,0,0,0,13,0,13
1504307,0,0,0,0,0,0,20,0,2,0,0,0,0,0,14,8,22
1504406,0,0,0,0,0,0,6,0,0,0,0,0,0,0,1,5,6
1504422,2,0,0,0,0,0,6,0,15,0,0,0,0,0,2,21,23
1504455,0,0,0,0,0,0,0,0,3,0,0,0,0,0,3,0,3
1504802,0,0,0,11,0,7,2,0,6,0,0,0,0,0,11,15,26
1504901,0,0,0,0,0,0,0,0,1,0,0,0,0,0,1,0,1
1504950,0,0,0,4,0,1,0,0,4,0,0,0,0,0,2,7,9
1504976,0,0,0,0,0,0,0,0,1,0,0,0,0,0,1,0,1
1505031,0,0,0,0,0,0,1,0,10,0,0,0,0,0,7,4,11
1505064,0,0,0,3,0,0,0,0,5,0,0,0,0,0,1,7,8
1505106,0,0,0,7,0,4,13,0,14,0,0,0,0,0,27,11,38
1505304,0,0,0,2,0,0,2,0,1,0,0,0,0,0,3,2,5
1505403,0,0,0,3,0,0,0,0,2,0,0,0,0,0,5,0,5
1505486,1,0,0,3,0,0,0,0,4,0,0,0,0,0,8,0,8
1505502,3,0,0,2,0,0,1,0,18,0,0,0,0,0,6,18,24
1505536,0,1,0,57,0,0,1,0,30,0,2,0,0,0,50,41,91
1505551,0,0,0,0,0,0,0,0,1,0,0,0,0,0,1,0,1
1505650,0,0,0,0,0,0,0,0,7,0,0,0,0,0,2,5,7
1505700,0,0,0,1,0,0,5,0,9,0,0,0,0,0,10,5,15
1505908,0,0,0,0,0,0,3,0,3,0,0,0,0,0,6,0,6
1506005,0,0,0,3,0,6,5,0,21,0,0,0,0,0,11,24,35
1506104,0,0,0,0,0,0,0,0,3,0,0,0,0,0,2,1,3
1506112,0,0,0,0,0,0,1,0,1,0,0,0,0,0,2,0,2
1506138,0,0,0,0,0,0,0,0,3,0,2,0,0,0,4,1,5
1506161,0,0,0,0,0,0,0,0,6,0,0,0,0,0,0,6,6
1506187,0,0,0,2,0,0,8,0,0,0,0,0,0,0,3,7,10
1506195,0,0,0,0,0,1,6,0,3,0,0,0,0,0,2,8,10
1506203,0,0,0,0,0,0,1,0,2,0,0,0,0,0,3,0,3
1506302,0,0,0,0,0,0,7,0,0,0,0,0,0,0,4,3,7
1506401,0,0,0,0,0,0,0,0,4,0,0,0,0,0,0,4,4
1506583,0,0,0,0,0,0,0,0,2,0,0,0,0,0,2,0,2
1506708,0,0,0,0,0,0,0,0,3,0,0,0,0,0,3,0,3
1506807,1,0,0,12,0,3,5,0,6,0,0,0,0,0,12,15,27
1507003,0,0,0,0,0,0,0,0,3,0,0,0,0,0,0,3,3
1507102,1,0,0,0,0,0,0,0,0,0,0,0,0,0,0,1,1
1507151,0,0,0,0,3,0,0,0,0,0,0,0,0,0,3,0,3
1507300,0,0,0,7,0,0,3,0,7,0,0,0,0,0,7,10,17
1507458,0,0,0,6,0,2,0,0,12,0,0,0,0,0,7,13,20
1507474,0,0,0,2,0,0,3,0,6,0,0,0,0,0,5,6,11
1507508,0,0,0,0,0,0,0,0,4,0,0,0,0,0,4,0,4
1507607,0,0,0,9,0,0,1,0,7,0,0,0,0,0,9,8,17
1507805,0,0,0,0,0,0,0,0,2,0,0,0,0,0,2,0,2
1507904,0,0,0,0,0,0,7,0,0,0,0,0,0,0,5,2,7
1507979,0,0,0,0,0,0,0,0,8,0,0,0,0,0,8,0,8
1508050,0,0,0,1,0,0,0,0,3,0,1,0,0,0,4,1,5
1508084,6,0,0,2,0,1,0,0,0,0,0,0,0,0,7,2,9
1508100,0,0,0,0,5,2,0,0,0,0,0,0,0,0,7,0,7
1508159,0,0,0,0,0,0,4,0,4,0,0,0,0,0,8,0,8
1508209,0,0,0,0,0,0,0,0,5,0,0,0,0,0,0,5,5
1508308,1,0,0,1,0,2,0,0,4,0,0,0,0,0,7,1,8
1508357,0,0,0,4,0,1,0,0,8,0,0,0,0,0,9,4,13
1508407,0,0,0,4,0,1,0,0,4,0,0,0,0,0,5,4,9
1600154,0,0,0,0,0,0,0,0,5,0,0,0,0,0,4,1,5
1600204,0,0,0,0,0,0,1,0,6,0,0,0,0,0,4,3,7
1600238,0,0,0,5,0,0,1,0,1,0,0,0,0,0,6,1,7
1600279,0,0,0,1,0,0,1,0,3,0,0,0,0,0,3,2,5
1600303,5,0,0,6,0,0,1,0,0,0,0,0,0,0,12,0,12
1600535,0,0,0,1,0,0,0,0,4,0,0,0,0,0,2,3,5
1600600,0,0,0,0,0,0,0,0,6,0,0,0,0,0,6,0,6
1600808,0,0,0,0,0,0,0,0,2,0,0,0,0,0,2,0,2
1702109,0,0,0,0,0,1,1,0,0,0,0,0,0,0,2,0,2
1702158,0,0,0,0,0,0,0,0,1,0,0,0,0,0,1,0,1
1716604,0,0,0,0,0,0,1,0,0,0,0,0,0,0,1,0,1
1718204,0,0,0,0,0,0,0,0,1,0,0,0,0,0,1,0,1
1720200,0,0,0,0,0,0,1,0,2,0,0,0,0,0,2,1,3
1722107,0,0,0,0,0,0,0,0,1,0,0,0,0,0,1,0,1
2100055,0,0,0,1,0,0,4,0,2,0,0,0,0,0,2,5,7
2100436,0,0,0,0,0,0,0,0,4,0,0,0,0,0,4,0,4
2100477,0,0,0,0,0,0,0,0,2,0,0,0,0,0,2,0,2
2100501,0,0,0,0,0,1,0,0,1,0,0,0,0,0,2,0,2
2100907,0,0,0,0,0,0,0,0,1,0,0,0,0,0,1,0,1
2100956,0,0,0,2,0,0,0,0,2,0,0,0,0,0,3,1,4
2101004,0,0,0,0,0,0,0,0,4,0,0,0,0,0,4,0,4
2101202,0,0,0,0,0,0,0,0,1,0,0,0,0,0,0,1,1
2101400,0,0,0,0,0,0,0,0,1,0,0,0,0,0,1,0,1
2101707,7,0,0,0,0,0,0,0,0,0,0,0,0,0,7,0,7
2101772,0,0,0,0,0,0,0,0,1,0,0,0,0,0,1,0,1
2101939,0,0,0,0,0,0,0,0,2,0,0,0,0,0,2,0,2
2101970,0,0,0,0,0,0,0,0,7,0,0,0,0,0,0,7,7
2102036,0,0,0,0,0,0,3,0,0,0,0,0,0,0,2,1,3
2102101,0,0,0,3,0,0,0,0,2,0,0,0,0,0,5,0,5
2102200,0,0,0,3,0,0,0,0,1,0,0,0,0,0,4,0,4
2102325,0,0,0,0,0,0,10,0,0,0,0,0,0,0,0,10,10
2102507,0,0,0,0,0,0,0,0,1,0,0,0,0,0,1,0,1
2102705,0,0,0,0,0,0,0,0,3,0,0,0,0,0,3,0,3
2103000,0,0,0,1,0,0,0,0,4,0,0,0,0,0,5,0,5
2103158,0,0,0,0,0,0,0,0,1,0,0,0,0,0,1,0,1
2103208,0,0,0,1,1,0,0,0,0,0,0,0,0,0,1,1,2
2103307,0,0,0,1,0,0,0,0,3,0,0,0,0,0,4,0,4
2103406,0,0,0,2,0,0,0,0,2,0,0,0,0,0,4,0,4
2103505,0,0,0,1,0,0,0,0,2,0,0,0,0,0,3,0,3
2103554,0,0,0,0,0,0,0,0,3,0,0,0,0,0,3,0,3
2103802,0,0,0,8,0,0,0,0,2,0,0,0,0,0,4,6,10
2103901,0,0,0,0,0,0,0,0,5,0,0,0,0,0,5,0,5
2104008,0,0,0,4,0,0,1,0,1,0,0,0,0,0,1,5,6
2104800,0,0,0,4,0,0,1,0,1,0,0,0,0,0,6,0,6
2105104,0,0,0,0,0,0,0,0,1,0,0,0,0,0,1,0,1
2105153,0,0,0,0,0,0,0,0,2,0,0,0,0,0,2,0,2
2105302,0,0,0,0,0,0,0,0,1,0,0,0,0,0,1,0,1
2105401,0,0,0,0,0,0,0,0,1,0,0,0,0,0,1,0,1
2105708,0,0,0,0,0,0,0,0,13,0,0,0,0,0,6,7,13
2105807,0,0,0,2,0,0,0,0,1,0,0,0,0,0,3,0,3
2105906,0,0,0,0,0,0,0,0,4,0,0,0,0,0,4,0,4
2105948,0,0,0,1,0,0,0,0,0,0,0,0,0,0,1,0,1
2105963,0,0,0,2,0,0,0,0,7,0,0,0,0,0,7,2,9
2106300,0,0,0,0,0,0,0,0,1,0,0,0,0,0,1,0,1
2106359,0,0,0,0,0,0,0,0,2,0,0,0,0,0,2,0,2
2106631,0,0,0,0,0,0,0,0,2,0,0,0,0,0,2,0,2
2106755,0,0,0,0,0,0,0,0,2,0,0,0,0,0,2,0,2
2106904,0,0,0,0,0,0,0,0,4,0,0,0,0,0,4,0,4
2107209,0,0,0,0,0,0,0,0,1,0,0,0,0,0,1,0,1
2107456,0,0,0,0,0,0,0,0,2,0,0,0,0,0,2,0,2
2107506,0,0,0,0,0,0,0,0,1,0,0,0,0,0,1,0,1
2107803,0,0,0,2,0,0,0,0,2,0,0,0,0,0,4,0,4
2108207,0,0,0,2,0,0,0,0,1,0,0,0,0,0,0,3,3
2108306,0,0,0,0,0,0,0,0,4,0,0,0,0,0,4,0,4
2108454,0,0,0,1,0,0,0,0,4,0,0,0,0,0,3,2,5
2108504,0,0,0,0,0,0,0,0,5,0,0,0,0,0,5,0,5
2108702,0,0,0,0,0,0,0,0,3,0,0,0,0,0,3,0,3
2108801,0,0,0,0,0,0,0,0,1,0,0,0,0,0,1,0,1
2108900,0,0,0,4,0,0,0,0,1,0,0,0,0,0,5,0,5
2109106,0,0,0,0,0,0,0,0,4,0,0,0,0,0,4,0,4
2109304,0,0,0,0,0,0,0,0,2,0,0,0,0,0,2,0,2
2109452,0,0,0,2,0,0,2,0,1,0,0,0,0,0,1,4,5
2109601,0,0,0,0,0,0,0,0,5,0,0,0,0,0,5,0,5
2109809,0,0,0,0,0,0,0,0,2,0,0,0,0,0,2,0,2
2110005,0,0,0,3,0,0,0,0,2,0,0,0,0,0,5,0,5
2110104,0,0,0,0,0,0,0,0,7,0,0,0,0,0,3,4,7
2110278,0,0,0,0,0,0,0,0,4,0,0,0,0,0,4,0,4
2110609,0,0,0,0,0,0,0,0,2,0,0,0,0,0,2,0,2
2111201,0,0,0,6,0,0,5,0,2,0,0,0,0,0,6,7,13
2111300,0,0,0,49,1,0,21,0,18,0,0,0,0,0,64,25,89
2111409,0,0,0,0,0,0,0,0,5,0,0,0,0,0,0,5,5
2111508,0,0,0,0,0,0,0,0,3,0,0,0,0,0,3,0,3
2111532,0,0,0,0,0,0,0,0,2,0,0,0,0,0,2,0,2
2111722,0,0,0,0,0,0,0,0,2,0,0,0,0,0,2,0,2
2112100,0,0,0,0,1,0,0,0,3,0,0,0,0,0,2,2,4
2112209,0,0,0,1,0,0,1,0,2,0,0,0,4,0,8,0,8
2112233,0,0,0,0,0,0,0,0,1,0,0,0,0,0,1,0,1
2112456,0,0,0,0,0,0,0,0,2,0,0,0,0,0,2,0,2
2112506,0,0,0,0,0,0,9,0,3,0,0,0,0,0,0,12,12
2112704,0,0,0,0,0,0,0,0,3,0,0,0,0,0,3,0,3
2112902,0,0,0,0,0,0,0,0,1,0,0,0,0,0,0,1,1
2201200,0,0,0,0,0,0,0,0,5,0,0,0,0,0,5,0,5
2201507,0,0,0,0,0,0,0,0,1,0,0,0,0,0,1,0,1
2201945,0,0,0,0,0,0,0,0,1,0,0,0,0,0,1,0,1
2202000,0,0,0,0,0,0,0,0,5,0,0,0,0,0,5,0,5
2202083,0,0,0,0,0,0,0,0,1,0,0,0,0,0,1,0,1
2202208,0,0,0,0,0,0,0,0,9,0,0,0,0,0,4,5,9
2202653,0,0,0,0,0,0,0,0,3,0,0,0,0,0,3,0,3
2203107,0,0,0,0,0,0,0,0,3,0,0,0,0,0,3,0,3
2203701,0,0,0,0,0,1,0,0,3,0,0,0,0,0,4,0,4
2203909,0,0,0,0,0,0,0,0,3,0,0,0,0,0,3,0,3
2204659,0,0,0,0,0,0,0,0,2,0,0,0,0,0,2,0,2
2205003,0,0,0,0,0,0,0,0,3,0,1,0,0,0,4,0,4
2205409,0,0,0,0,0,0,0,0,1,0,0,0,0,0,1,0,1
2205458,0,0,0,0,0,0,0,0,1,0,0,0,0,0,1,0,1
2205508,0,0,0,0,0,0,0,0,2,0,1,0,0,0,2,1,3
2205557,3,0,0,0,0,0,0,0,0,0,0,0,0,0,3,0,3
2205805,0,0,0,0,0,0,0,0,2,0,0,0,0,0,2,0,2
2205854,0,0,0,0,0,0,0,0,1,0,0,0,0,0,1,0,1
2206209,0,0,0,0,0,0,0,0,2,0,0,0,0,0,2,0,2
2206696,0,0,0,0,0,0,0,0,2,0,0,0,0,0,2,0,2
2207504,0,0,0,2,0,0,0,0,3,0,0,0,0,0,5,0,5
2207702,0,0,0,0,0,0,0,0,2,0,0,0,0,0,2,0,2
2208007,0,0,0,4,0,0,0,0,3,0,0,0,0,0,6,1,7
2208304,0,0,0,0,0,0,0,0,2,0,0,0,0,0,2,0,2
2208502,0,0,0,0,0,0,0,0,4,0,0,0,0,0,3,1,4
2209153,0,0,0,0,0,0,0,0,1,0,0,0,0,0,1,0,1
2210052,0,0,0,0,0,0,0,0,3,0,0,0,0,0,3,0,3
2210391,0,0,0,0,0,0,0,0,1,0,0,0,0,0,1,0,1
2210607,0,0,0,0,0,0,0,0,2,0,0,0,0,0,2,0,2
2211001,0,0,0,5,0,0,0,0,4,0,0,0,0,1,6,4,10
2211100,0,0,0,2,0,0,0,0,3,0,0,0,0,0,5,0,5
2211209,0,0,0,2,0,0,1,0,1,0,0,0,0,0,4,0,4
2300200,0,0,0,0,0,0,0,0,1,0,0,0,0,0,1,0,1
2300705,0,0,0,0,0,0,0,0,3,0,0,0,0,0,3,0,3
2300754,0,0,0,0,0,0,0,0,2,0,0,0,0,0,2,0,2
2301109,0,0,0,7,0,0,0,0,7,0,0,0,0,0,5,9,14
2301505,0,0,0,0,0,0,0,0,1,0,0,0,0,0,1,0,1
2301703,0,0,0,0,0,0,0,0,2,0,0,0,0,0,2,0,2
2302107,0,0,0,0,0,0,0,0,4,0,1,0,0,0,5,0,5
2302206,0,0,0,1,0,0,5,0,5,0,0,0,0,0,2,9,11
2302305,0,0,0,0,1,0,0,0,0,0,0,0,0,0,1,0,1
2302503,0,0,0,0,0,2,0,0,0,0,1,0,0,0,2,1,3
2302800,0,0,0,0,0,0,0,0,1,0,0,0,0,0,1,0,1
2303006,0,0,0,0,0,0,0,0,1,0,0,0,0,0,1,0,1
2303709,2,0,0,2,0,0,2,0,23,0,2,0,0,0,10,21,31
2303907,0,0,0,0,0,0,0,0,5,0,0,0,0,0,5,0,5
2303931,0,0,0,1,1,0,0,0,1,0,0,0,0,0,3,0,3
2304004,0,0,0,0,0,0,0,0,2,0,0,0,0,0,2,0,2
2304103,0,0,0,0,0,0,0,0,4,0,0,0,0,0,3,1,4
2304202,0,0,1,6,1,0,0,0,1,0,0,0,0,0,5,4,9
2304251,0,0,0,0,0,0,1,0,12,0,0,0,0,0,7,6,13
2304400,0,0,0,7,0,0,2,0,22,0,0,0,0,0,31,0,31
2304459,0,0,0,0,0,0,1,0,2,0,0,0,0,0,3,0,3
2304707,0,0,0,0,0,0,0,0,1,0,0,0,0,0,1,0,1
2305209,0,0,0,0,0,0,0,0,3,0,0,0,0,0,3,0,3
2305407,0,0,0,0,0,0,0,0,5,0,0,0,0,0,4,1,5
2305506,0,0,0,0,2,0,0,0,3,0,0,0,0,0,3,2,5
2306009,0,0,0,0,0,0,0,0,2,0,2,0,0,0,4,0,4
2306108,0,0,0,0,0,0,0,0,2,0,0,0,0,0,2,0,2
2306207,0,0,0,0,0,0,0,0,6,0,0,0,0,0,6,0,6
2306306,0,0,0,1,0,0,0,0,6,0,0,0,0,0,6,1,7
2306405,0,0,0,2,0,2,0,0,11,0,6,0,0,0,10,11,21
2306553,0,0,0,2,0,0,0,0,4,0,0,0,0,0,6,0,6
2306702,0,0,0,0,0,0,0,0,1,0,0,0,0,0,1,0,1
2306900,0,0,0,0,0,0,0,0,11,0,0,0,0,0,8,3,11
2307007,0,0,0,0,0,0,0,0,22,0,0,0,0,0,15,7,22
2307304,0,0,0,0,0,0,0,0,3,0,0,0,0,0,3,0,3
2307502,0,0,0,0,0,0,0,0,20,0,1,0,0,0,14,7,21
2307601,0,0,0,0,0,0,0,0,2,0,0,0,0,0,2,0,2
2307650,0,0,0,0,2,0,0,0,2,0,0,0,0,0,2,2,4
2307700,0,0,0,8,0,3,0,0,1,0,2,0,0,0,9,5,14
2307809,0,0,0,0,0,0,0,0,2,0,0,0,0,0,2,0,2
2308005,0,0,0,0,0,0,0,0,3,0,3,0,0,0,1,5,6
2308104,0,0,0,0,3,0,0,0,0,0,0,0,0,0,3,0,3
2308203,0,0,0,0,0,0,0,0,1,0,7,0,0,0,1,7,8
2308401,0,0,0,2,0,0,0,0,5,0,0,4,0,0,5,6,11
2308708,0,0,0,0,14,0,0,0,0,0,0,0,0,0,14,0,14
2308807,0,0,0,0,0,0,0,0,1,0,0,0,0,0,1,0,1
2308906,0,0,0,0,0,0,0,0,3,0,0,0,0,0,3,0,3
2309409,0,0,0,0,2,0,0,0,0,0,0,0,0,0,2,0,2
2309706,0,0,0,0,0,1,0,0,4,0,1,0,0,0,5,1,6
2309805,0,0,0,5,0,0,0,0,1,0,0,0,0,0,1,5,6
2309904,0,0,0,0,0,0,0,0,3,0,0,0,0,0,3,0,3
2310001,0,0,0,0,0,0,0,0,3,0,0,0,0,0,1,2,3
2310100,0,0,0,5,1,0,0,0,2,0,2,0,0,0,3,7,10
2310704,0,0,0,0,0,0,0,0,6,0,0,0,0,0,6,0,6
2310803,0,0,0,0,0,0,0,0,0,0,1,0,0,0,0,1,1
2311264,0,0,0,0,0,0,0,0,6,0,0,0,0,0,4,2,6
2311405,0,0,0,0,2,0,0,0,0,0,0,0,0,0,2,0,2
2311504,0,0,0,0,0,0,0,0,1,0,0,0,0,0,1,0,1
2311801,0,0,0,1,0,0,0,0,3,0,0,0,0,0,4,0,4
2312007,0,0,0,0,0,0,0,0,4,0,0,0,0,0,4,0,4
2312502,0,0,0,0,0,0,0,0,5,0,0,0,0,0,5,0,5
2312908,0,0,0,0,0,1,0,0,18,0,8,0,0,0,27,0,27
2313104,0,0,0,1,0,0,0,0,3,0,0,0,0,0,4,0,4
2313807,0,0,0,10,4,2,0,0,6,0,5,0,0,0,16,11,27
2313906,0,0,0,0,0,0,0,0,8,0,0,0,0,0,8,0,8
2314102,0,0,0,2,0,0,0,0,0,0,0,0,0,0,2,0,2
2400208,0,0,0,0,0,0,0,0,4,0,0,0,0,0,4,0,4
2400703,0,0,0,0,0,0,0,0,4,0,0,0,0,0,4,0,4
2401008,0,0,0,0,0,0,0,0,3,0,0,0,0,0,3,0,3
2402006,0,0,0,0,0,1,0,0,9,0,2,0,0,0,12,0,12
2402204,0,0,0,2,0,0,0,0,1,0,0,0,0,0,3,0,3
2402501,0,0,0,0,0,0,0,0,1,0,0,0,0,0,1,0,1
2402600,0,0,0,0,0,0,0,0,3,0,0,0,0,0,3,0,3
2403251,0,0,0,3,2,0,0,0,0,0,0,0,0,0,3,2,5
2403806,0,0,0,0,0,2,0,0,0,0,0,0,0,0,2,0,2
2404200,0,0,0,0,0,0,0,0,4,0,0,0,0,0,4,0,4
2404507,0,0,0,0,0,0,0,0,1,0,0,0,0,0,1,0,1
2404705,0,0,0,0,0,0,0,0,3,0,0,0,0,0,3,0,3
2404853,0,0,0,0,0,0,0,0,2,0,0,0,0,0,2,0,2
2405603,0,0,0,0,0,0,0,0,4,0,0,0,0,0,4,0,4
2406106,0,0,0,0,0,0,0,0,1,0,0,0,0,0,1,0,1
2407104,0,0,0,0,0,0,0,0,6,0,0,0,0,0,0,6,6
2408003,0,0,0,0,0,0,0,0,15,0,0,0,1,0,16,0,16
2409308,0,0,0,0,0,0,0,0,2,0,0,0,0,0,2,0,2
2409902,0,0,0,0,0,0,0,0,3,0,0,0,0,0,3,0,3
2410256,0,0,0,0,0,0,0,0,2,0,0,0,0,0,2,0,2
2412005,0,0,0,0,0,5,0,0,4,0,0,0,0,0,9,0,9
2413409,0,0,0,0,0,0,0,0,3,0,0,0,0,0,3,0,3
2414704,0,0,0,0,0,0,0,0,1,0,0,0,0,0,1,0,1
2500304,0,0,0,2,1,0,0,0,1,0,1,0,0,0,5,0,5
2500502,0,0,0,2,2,0,0,0,1,0,0,0,0,0,5,0,5
2500700,0,0,0,0,0,0,0,0,5,0,0,0,0,0,5,0,5
2500809,0,0,0,0,0,0,0,0,2,0,0,0,0,0,2,0,2
2500908,0,0,0,0,0,0,0,0,1,0,0,0,0,0,1,0,1
2501104,0,0,0,4,0,0,0,0,0,0,0,0,0,0,4,0,4
2501401,0,0,0,0,0,0,1,0,0,0,0,0,0,0,1,0,1
2501500,0,0,0,2,0,0,0,0,0,0,0,0,0,0,2,0,2
2501807,0,1,0,3,0,0,4,0,12,0,0,0,0,0,4,16,20
2503001,0,0,0,0,2,1,0,0,1,0,0,0,0,0,4,0,4
2503209,0,0,0,0,5,0,4,0,0,0,0,0,0,0,9,0,9
2504009,0,0,0,1,5,0,0,0,5,0,0,0,0,0,11,0,11
2504801,0,0,0,0,0,0,0,0,3,0,0,0,0,0,3,0,3
2506301,0,0,0,0,0,0,0,0,3,0,0,0,0,0,3,0,3
2506806,0,0,0,0,0,0,0,0,2,0,0,0,0,0,2,0,2
2507507,0,0,0,49,0,1,0,0,14,0,0,0,0,0,33,31,64
2508604,0,0,0,0,0,0,0,0,1,0,0,0,0,0,1,0,1
2509305,0,0,0,8,0,0,2,0,1,0,0,0,0,0,4,7,11
2509800,0,0,0,0,1,0,0,0,3,0,0,0,0,0,4,0,4
2509909,0,0,0,2,0,0,0,0,1,0,0,0,0,0,3,0,3
2510808,0,0,0,0,4,0,0,0,0,0,0,0,0,0,4,0,4
2511608,0,0,0,1,0,0,0,0,0,0,0,0,0,0,1,0,1
2511905,0,0,0,4,0,0,0,0,0,0,0,0,0,0,4,0,4
2512101,0,0,0,0,0,0,0,0,2,0,0,0,0,0,2,0,2
2512903,0,0,0,0,0,0,0,0,3,0,0,0,0,0,3,0,3
2513703,0,0,0,0,0,0,0,0,4,0,0,0,0,0,4,0,4
2513901,0,0,0,0,0,0,0,0,2,0,0,0,0,0,2,0,2
2515302,0,0,0,2,0,0,0,0,2,0,0,0,0,0,3,1,4
2515807,0,0,0,1,0,0,0,0,0,0,0,0,0,0,1,0,1
2516003,0,0,0,2,0,0,0,0,0,0,0,0,0,0,2,0,2
2516201,0,0,0,0,0,0,0,0,5,0,0,0,0,0,5,0,5
2600054,0,0,0,3,0,0,8,0,0,0,0,0,0,0,1,10,11
2600302,0,0,0,0,0,0,0,0,3,0,0,0,0,0,0,3,3
2600401,0,0,0,6,0,0,0,0,0,0,0,0,0,0,2,4,6
2600500,0,0,0,0,0,0,0,0,3,0,0,0,0,0,3,0,3
2600807,0,0,0,0,0,0,0,0,8,0,0,0,0,0,8,0,8
2600906,0,0,0,3,0,0,0,0,3,0,0,0,0,0,6,0,6
2601102,0,0,0,0,0,0,0,0,1,0,0,0,0,0,1,0,1
2601201,0,0,0,6,0,4,0,0,6,0,2,0,0,0,11,7,18
2601300,0,0,0,1,0,0,0,0,1,0,0,1,0,0,1,2,3
2601409,0,0,0,3,0,0,0,0,0,0,0,0,0,0,3,0,3
2601508,0,0,0,3,0,0,0,0,3,0,0,0,0,0,5,1,6
2601706,0,0,0,0,0,0,0,0,4,0,0,0,0,0,4,0,4
2601904,0,0,0,0,0,0,0,0,3,0,0,0,0,0,3,0,3
2602209,0,0,0,2,0,0,0,0,1,0,0,0,0,0,3,0,3
2602308,0,0,0,2,0,0,0,0,2,0,0,0,0,0,4,0,4
2602803,0,0,0,1,0,0,0,0,3,0,1,0,0,0,2,3,5
2603009,0,0,0,0,0,0,0,0,2,0,0,0,0,0,2,0,2
2603108,0,0,0,0,0,0,0,0,1,0,0,0,0,0,1,0,1
2603306,0,0,0,0,0,0,0,0,1,0,0,0,0,0,1,0,1
2603454,0,0,0,25,0,0,0,0,0,0,0,0,0,0,25,0,25
2603702,0,0,0,13,0,0,0,0,6,0,0,0,0,0,7,12,19
2603801,0,0,0,0,0,0,0,0,8,0,0,0,0,0,6,2,8
2604007,0,0,0,11,0,1,1,0,2,0,0,4,0,0,14,5,19
2604106,0,0,0,0,0,1,0,0,2,0,2,0,0,0,3,2,5
2604205,0,0,0,11,0,0,2,0,2,0,0,0,0,0,9,6,15
2604502,0,0,0,2,0,0,0,0,0,0,0,0,0,0,2,0,2
2604700,0,0,0,0,0,0,0,0,3,0,0,0,0,0,3,0,3
2604809,0,0,0,15,4,0,1,0,6,0,0,0,0,0,10,16,26
2605004,0,0,0,0,0,0,0,0,2,0,0,0,0,0,2,0,2
2605202,0,0,0,12,1,0,0,0,0,0,0,0,0,0,4,9,13
2605707,0,0,0,0,0,0,0,0,1,0,0,0,0,0,1,0,1
2605905,0,0,0,16,0,1,0,0,13,0,0,0,0,0,13,17,30
2606002,0,0,0,4,0,1,3,0,1,0,0,1,0,0,5,5,10
2606200,0,0,0,1,0,0,1,0,1,0,0,0,0,0,2,1,3
2606408,0,0,0,0,0,0,0,0,1,0,0,0,0,0,1,0,1
2606606,0,0,0,0,0,0,0,0,1,0,0,0,0,0,1,0,1
2606804,0,0,0,43,0,0,1,0,6,0,0,2,0,0,35,17,52
2607208,0,0,0,35,0,0,0,0,10,0,0,0,0,0,31,14,45
2607307,0,0,0,0,0,0,0,0,1,0,0,0,0,1,2,0,2
2607505,0,0,0,0,0,0,0,0,2,0,0,0,0,0,2,0,2
2607604,0,0,0,1,0,0,0,0,2,0,0,0,0,0,3,0,3
2607653,0,0,0,8,0,0,0,0,1,0,0,0,0,0,8,1,9
2607802,0,0,0,0,0,1,1,0,0,0,0,0,0,0,1,1,2
2607901,0,0,0,177,0,0,0,0,16,0,0,1,0,0,147,47,194
2607950,0,0,0,2,0,0,0,0,3,0,0,0,0,0,3,2,5
2608107,0,0,0,1,0,0,0,0,0,0,0,0,0,0,0,1,1
2608206,0,0,0,5,0,0,0,0,0,0,0,0,0,0,4,1,5
2608255,0,0,0,0,0,0,0,0,1,0,0,0,0,0,1,0,1
2608305,1,0,0,0,0,0,0,0,0,0,0,0,0,0,1,0,1
2608404,0,0,0,0,0,0,0,1,0,0,0,0,0,0,1,0,1
2608453,1,0,0,6,0,0,0,0,0,0,0,0,0,0,7,0,7
2608701,0,0,0,1,0,0,0,0,0,0,0,0,0,0,0,1,1
2608800,0,0,0,0,0,0,0,0,1,0,0,0,0,0,1,0,1
2608909,1,0,0,1,0,0,1,0,6,0,1,0,0,0,5,5,10
2609006,0,0,0,0,0,0,0,0,1,0,0,0,0,0,1,0,1
2609204,0,0,0,3,0,0,0,0,3,0,0,1,0,0,4,3,7
2609402,2,0,0,39,0,0,1,0,17,0,3,1,0,0,60,3,63
2609501,0,0,0,2,0,0,0,0,5,0,0,0,0,0,7,0,7
2609600,0,0,0,13,0,0,0,0,0,0,0,0,0,0,1,12,13
2610004,0,0,0,10,0,1,1,0,0,0,0,0,0,0,5,7,12
2610103,0,0,0,6,0,0,0,0,2,0,0,0,0,0,4,4,8
2610400,0,0,0,0,0,0,0,0,1,0,0,0,0,0,1,0,1
2610608,0,0,0,14,0,0,0,0,2,0,1,0,0,0,13,4,17
2610707,0,0,0,8,0,0,0,0,0,0,0,0,0,0,3,5,8
2610905,0,0,0,0,0,0,0,0,2,0,2,0,0,0,4,0,4
2611101,0,0,0,0,0,0,0,0,6,0,0,0,0,0,6,0,6
2611200,0,0,0,0,0,0,0,0,1,0,0,0,0,0,1,0,1
2611309,0,0,0,0,0,0,0,0,2,0,0,0,0,0,2,0,2
2611408,0,0,0,10,1,0,0,0,12,0,2,0,0,0,10,15,25
2611507,0,0,0,5,0,0,0,0,2,0,0,0,0,0,0,7,7
2611705,0,0,0,0,0,0,0,0,4,0,0,0,0,0,2,2,4
2611804,0,0,0,4,0,0,0,0,0,0,0,0,0,0,4,0,4
2611903,0,0,0,1,0,0,0,0,0,0,0,0,0,0,1,0,1
2612000,0,0,0,0,0,0,1,0,0,0,0,0,0,0,1,0,1
2612307,0,0,0,1,0,2,0,0,0,0,0,0,0,0,3,0,3
2612406,0,0,0,0,0,0,0,0,3,0,0,0,0,0,3,0,3
2612901,0,0,0,1,0,0,0,0,2,0,0,1,0,0,3,1,4
2613008,0,0,0,0,0,0,0,0,4,0,0,0,0,0,4,0,4
2613107,0,0,0,0,0,0,0,0,1,0,0,0,0,0,1,0,1
2613305,0,0,0,0,0,1,0,0,1,0,0,0,0,0,2,0,2
2613701,0,0,0,15,0,0,0,0,0,0,0,0,0,0,15,0,15
2613800,0,0,0,12,0,0,1,0,1,0,3,0,0,0,7,10,17
2613909,0,0,0,0,0,0,0,0,4,0,0,0,0,0,4,0,4
2614105,0,0,0,0,0,0,0,0,1,0,0,0,0,0,1,0,1
2614204,0,0,0,5,0,0,0,0,0,0,0,0,0,0,2,3,5
2614709,0,0,0,0,0,0,0,0,2,0,0,0,0,0,2,0,2
2614857,0,0,0,0,0,0,2,0,0,0,0,0,0,0,2,0,2
2615003,1,0,0,4,0,2,0,0,4,0,0,0,0,0,11,0,11
2615300,0,0,0,1,0,0,0,0,2,0,0,0,0,0,3,0,3
2615508,0,0,0,1,0,0,0,0,4,0,0,0,0,0,4,1,5
2615805,0,0,0,4,0,0,0,0,1,0,0,0,0,0,2,3,5
2616001,0,0,0,0,0,0,0,0,2,0,0,0,0,0,2,0,2
2616308,0,0,0,4,2,0,0,0,1,0,0,0,0,0,7,0,7
2616407,0,0,0,2,0,0,3,0,1,0,0,0,0,0,3,3,6
2616506,0,0,0,1,0,0,1,0,2,0,0,0,0,0,4,0,4
2700409,0,0,0,3,0,0,0,0,1,0,0,0,0,0,4,0,4
2700508,0,0,0,2,0,0,0,0,1,0,0,0,0,0,3,0,3
2700607,0,0,0,3,0,0,0,0,0,0,0,0,0,0,3,0,3
2700706,0,0,0,0,0,0,0,0,5,0,0,0,0,0,0,5,5
2701100,0,0,0,6,0,0,0,0,2,0,0,0,0,0,6,2,8
2701308,0,0,0,0,0,0,0,0,1,0,0,0,0,0,1,0,1
2701357,0,0,0,3,0,0,0,0,2,0,0,0,0,0,5,0,5
2701704,0,0,0,1,0,0,0,0,0,0,0,0,0,0,1,0,1
2702108,0,0,0,1,0,0,0,0,1,0,0,0,0,0,2,0,2
2702207,0,0,0,1,0,0,0,0,0,0,0,0,0,0,1,0,1
2702306,0,0,0,14,0,0,0,0,1,0,0,0,0,0,13,2,15
2702702,0,0,0,1,0,0,0,0,2,0,0,0,0,0,3,0,3
2703759,0,0,0,4,0,0,1,0,0,0,0,0,0,0,2,3,5
2703809,0,0,0,6,0,0,0,0,1,0,0,0,0,0,7,0,7
2704203,0,0,0,0,0,0,0,0,1,0,0,0,0,0,1,0,1
2704302,0,0,0,26,0,0,0,0,0,0,0,0,0,0,14,12,26
2704500,0,0,0,12,0,0,0,0,0,0,0,0,0,0,12,0,12
2704708,0,0,0,3,0,0,0,0,3,0,0,0,0,0,6,0,6
2705101,0,0,0,4,0,0,0,0,1,0,0,0,0,0,5,0,5
2705507,0,0,0,0,0,0,0,0,1,0,0,0,0,0,1,0,1
2706448,0,0,0,25,0,0,1,0,5,0,0,0,0,0,19,12,31
2706604,0,0,0,0,0,0,0,0,1,0,0,0,0,0,1,0,1
2706901,0,0,0,0,0,0,0,0,1,0,0,0,0,0,1,0,1
2707206,0,0,0,0,0,0,0,0,2,0,0,0,0,0,0,2,2
2707602,1,0,0,0,0,0,0,0,4,0,0,0,0,0,1,4,5
2707701,0,0,0,4,0,0,0,0,0,0,0,0,0,0,4,0,4
2708006,0,0,0,0,0,0,0,0,6,0,0,0,0,0,0,6,6
2708105,0,0,0,12,0,4,0,0,0,0,0,0,0,0,16,0,16
2708303,0,0,0,7,0,0,0,0,1,0,0,0,0,0,4,4,8
2708501,0,0,0,5,0,0,0,0,1,0,0,0,0,0,6,0,6
2708600,0,0,0,1,0,0,0,0,1,0,0,0,0,0,2,0,2
2708907,0,0,0,1,0,1,0,0,1,0,0,0,0,0,3,0,3
2709202,0,0,0,0,0,0,0,0,2,0,0,0,0,0,1,1,2
2709301,0,0,0,0,0,3,0,0,0,0,0,0,0,0,3,0,3
2709400,0,0,0,2,0,0,0,0,1,0,0,0,0,0,1,2,3
2800308,0,0,0,27,0,0,0,0,17,0,0,0,0,0,34,10,44
2800605,0,0,0,0,0,0,2,0,1,0,0,0,0,0,2,1,3
2800704,0,0,0,0,0,0,2,0,1,0,0,0,0,0,1,2,3
2801207,0,0,0,1,1,2,0,0,0,0,0,0,0,0,2,2,4
2801504,0,0,0,2,0,0,0,0,1,0,0,0,0,0,3,0,3
2802007,0,0,0,3,0,0,3,0,0,0,0,0,0,0,6,0,6
2802106,0,0,0,0,0,0,0,0,2,0,0,0,0,0,2,0,2
2802700,0,0,0,0,0,0,0,0,5,0,0,0,0,0,5,0,5
2802908,0,0,0,0,0,0,0,0,2,0,0,0,0,0,2,0,2
2803005,0,0,0,1,0,0,0,0,0,0,0,0,0,0,1,0,1
2803203,0,0,0,2,0,0,1,0,4,0,0,0,0,0,5,2,7
2803500,0,0,0,0,0,0,0,0,3,0,0,0,0,0,2,1,3
2803609,0,0,0,2,0,0,0,0,7,0,0,0,0,0,7,2,9
2804003,0,0,0,2,0,0,0,0,7,0,0,0,0,0,4,5,9
2804201,0,0,0,0,0,0,0,0,2,0,0,0,0,0,2,0,2
2804409,0,0,0,3,0,0,0,0,2,0,0,0,0,0,3,2,5
2804805,0,0,0,1,0,0,0,0,0,0,0,0,0,0,1,0,1
2804904,0,0,0,0,0,0,1,0,0,0,0,0,0,0,0,1,1
2805406,0,0,0,0,0,0,0,0,4,0,0,0,0,0,4,0,4
2805604,0,0,0,0,0,0,0,0,1,0,0,0,0,0,1,0,1
2805901,0,0,0,0,0,0,0,0,4,0,0,0,0,0,3,1,4
2806404,0,0,0,1,0,0,0,0,1,0,0,0,0,0,0,2,2
2806602,0,0,0,1,0,0,0,0,0,0,0,0,0,0,0,1,1
2806701,0,0,0,3,0,0,0,0,1,0,0,0,0,0,2,2,4
2807105,0,0,0,0,0,0,0,0,1,0,0,0,0,0,1,0,1
2807600,0,0,0,1,0,0,0,0,0,0,0,0,0,0,1,0,1
2901106,0,0,0,6,0,0,0,0,0,0,0,0,0,0,5,1,6
2901155,0,0,0,0,0,1,0,0,0,0,0,0,0,0,1,0,1
2901304,0,0,0,2,0,0,0,0,2,0,0,0,1,0,1,4,5
2902708,0,0,0,0,0,0,0,0,30,0,0,0,0,0,1,29,30
2903102,0,0,0,0,1,0,1,0,1,0,0,0,0,0,1,2,3
2903409,0,0,0,1,0,0,0,0,3,0,0,0,0,0,4,0,4
2903904,0,0,0,0,0,0,0,0,2,0,1,0,0,0,1,2,3
2904209,0,0,0,0,0,0,0,0,1,0,0,0,0,0,1,0,1
2904902,0,0,0,10,0,0,0,0,1,0,0,0,0,0,8,3,11
2905206,0,0,1,4,0,0,0,0,0,0,0,0,0,0,5,0,5
2905404,0,0,0,5,0,0,0,0,3,0,1,0,0,0,7,2,9
2905602,0,0,0,15,0,0,0,0,0,0,0,0,0,0,0,15,15
2905701,0,0,0,18,0,0,1,0,15,0,0,0,0,0,24,10,34
2905800,0,0,0,21,0,0,0,0,1,0,0,0,0,0,10,12,22
2906006,0,2,0,2,0,2,0,0,0,0,1,0,0,0,5,2,7
2906501,0,0,0,28,0,0,0,0,1,0,0,0,0,0,8,21,29
2906907,0,0,0,0,0,0,0,0,1,0,0,0,0,0,1,0,1
2907004,0,0,0,0,0,0,0,0,6,0,0,0,0,0,0,6,6
2908606,0,0,0,0,0,0,0,0,6,0,0,0,0,0,6,0,6
2909208,0,0,0,0,0,0,0,0,5,0,0,0,0,0,2,3,5
2909505,0,0,0,2,0,0,0,0,0,0,0,0,0,0,0,2,2
2910008,0,0,0,2,0,0,0,0,2,0,0,0,0,0,1,3,4
2910727,0,0,0,11,0,0,0,0,2,0,0,0,0,0,11,2,13
2911204,0,0,0,1,0,0,0,0,1,0,0,0,0,0,2,0,2
2911808,0,0,0,2,0,0,0,0,3,0,0,0,0,0,5,0,5
2912103,0,0,0,3,0,0,0,0,4,0,0,0,0,0,4,3,7
2912301,0,0,0,0,0,0,0,0,2,0,0,0,0,0,2,0,2
2913200,0,0,0,0,0,0,0,0,20,0,0,0,0,0,10,10,20
2913457,0,0,0,4,0,0,0,0,1,0,0,0,0,0,3,2,5
2913507,0,0,0,1,0,0,0,0,0,0,0,0,0,0,0,1,1
2913606,0,0,0,22,0,0,0,0,1,0,0,0,0,0,16,7,23
2913903,0,0,0,13,0,0,0,0,5,0,0,0,0,0,9,9,18
2914406,0,1,0,1,0,1,0,0,0,0,0,0,1,0,3,1,4
2914653,0,0,0,3,0,0,0,0,0,0,0,0,0,0,2,1,3
2914802,0,0,0,12,0,0,0,0,20,0,0,0,0,0,28,4,32
2914901,0,0,0,9,0,0,0,0,3,0,0,0,0,0,4,8,12
2915304,0,0,0,2,0,0,0,0,2,0,0,0,0,0,3,1,4
2915601,0,0,0,12,1,0,0,0,2,0,0,0,0,0,7,8,15
2915809,0,0,0,0,7,4,0,0,5,0,0,0,0,0,9,7,16
2916401,0,0,0,3,0,1,0,0,11,0,0,0,0,0,8,7,15
2916708,0,0,0,1,0,2,0,0,0,0,0,0,0,0,1,2,3
2917102,0,0,0,1,0,0,0,0,3,0,0,0,0,0,4,0,4
2917300,0,0,0,6,0,0,0,0,5,0,0,0,0,0,7,4,11
2917359,0,0,0,1,0,0,0,0,1,0,0,0,0,0,2,0,2
2917508,0,0,0,4,0,0,0,0,6,0,10,0,0,0,15,5,20
2917607,0,0,0,21,3,0,0,0,2,0,0,0,0,0,14,12,26
2918001,1,0,0,2,0,1,1,0,1,0,0,0,1,0,6,1,7
2918209,0,0,0,8,0,0,0,0,2,0,0,0,0,0,2,8,10
2918407,0,0,0,0,0,0,0,0,1,0,0,0,0,0,1,0,1
2918803,0,0,0,8,0,0,0,0,1,0,1,0,0,0,5,5,10
2919009,0,0,0,0,0,0,0,0,1,0,0,0,0,0,0,1,1
2919157,0,0,0,0,0,0,0,0,0,0,0,0,2,0,2,0,2
2919207,0,0,0,9,0,0,0,0,15,0,0,0,0,0,12,12,24
2919306,0,0,0,1,0,0,0,0,3,0,0,0,0,0,4,0,4
2919504,0,0,0,2,0,0,0,0,5,0,0,0,0,0,7,0,7
2920205,0,0,0,0,0,0,0,0,9,0,0,0,0,0,9,0,9
2920601,0,0,0,4,0,0,0,0,2,0,1,0,0,0,6,1,7
2920908,0,0,0,3,0,0,0,0,2,0,0,0,0,0,0,5,5
2921104,0,0,0,7,0,0,0,0,1,0,0,0,0,0,5,3,8
2921609,0,0,0,0,0,0,0,0,1,0,0,0,0,0,1,0,1
2922003,0,0,0,0,0,0,2,0,3,0,0,0,0,0,5,0,5
2922102,0,0,0,14,0,0,0,0,5,0,0,0,0,0,15,4,19
2922250,0,0,0,0,0,0,0,0,12,0,0,0,0,0,1,11,12
2922300,0,0,0,1,0,2,0,0,0,0,0,0,0,0,3,0,3
2922409,0,0,0,12,0,0,0,0,0,0,0,0,0,0,9,3,12
2922508,0,0,0,6,0,0,0,0,3,0,0,0,0,0,2,7,9
2922607,0,0,0,4,0,0,0,0,2,0,0,0,0,0,3,3,6
2922706,0,0,0,4,0,0,0,0,3,0,0,0,0,0,7,0,7
2923704,0,0,0,0,0,0,0,0,9,0,0,0,0,0,2,7,9
2923902,0,0,0,3,1,0,0,0,0,0,1,0,0,0,2,3,5
2925303,0,0,0,6,0,0,0,0,0,0,0,0,0,0,6,0,6
2925501,0,0,0,3,0,0,0,0,3,0,0,0,0,0,5,1,6
2925758,0,0,0,8,0,0,1,0,2,0,0,0,0,0,5,6,11
2926301,0,0,0,0,0,0,0,0,7,0,0,0,0,0,7,0,7
2926657,0,0,0,4,0,0,0,0,0,0,0,0,0,0,0,4,4
2927705,0,0,0,10,0,0,0,0,6,0,0,0,0,0,3,13,16
2927903,0,0,0,1,0,0,0,0,1,0,0,0,0,0,1,1,2
2928059,0,0,0,0,0,0,0,0,1,0,0,0,0,0,0,1,1
2928109,0,1,0,1,0,0,1,0,3,0,0,0,0,0,6,0,6
2928604,0,0,0,3,0,0,0,0,7,0,0,0,0,0,10,0,10
2929008,0,0,0,5,0,0,0,0,2,0,1,0,0,0,3,5,8
2929909,0,0,0,0,0,0,0,0,1,0,0,0,0,0,1,0,1
2930105,0,0,0,2,0,0,1,0,2,0,0,0,0,0,5,0,5
2930709,0,0,0,8,2,0,0,0,3,0,0,1,0,0,12,2,14
2931202,0,0,0,3,0,0,0,0,5,0,0,0,0,0,3,5,8
2931350,0,0,0,0,0,3,0,0,3,0,0,0,0,0,6,0,6
2931608,0,0,0,9,0,0,0,0,0,0,0,0,0,0,3,6,9
2932101,0,0,0,18,0,0,0,0,4,0,3,0,0,0,22,3,25
2932200,0,0,0,1,0,0,0,0,5,0,0,0,0,0,4,2,6
2932309,0,0,0,5,0,0,0,0,2,0,0,0,0,0,4,3,7
2932903,0,0,0,3,0,0,0,0,7,0,0,0,0,0,4,6,10
2933307,0,0,0,2,0,3,0,0,5,0,0,0,0,0,9,1,10
2933505,0,0,0,13,0,0,0,0,0,0,0,0,0,0,7,6,13
3100401,0,0,0,8,0,0,0,0,4,0,0,0,0,0,12,0,12
3100609,0,0,0,7,0,0,0,0,0,0,0,0,0,0,4,3,7
3101102,2,0,0,33,0,2,18,0,4,0,17,0,0,0,65,11,76
3101300,0,0,1,0,0,0,0,0,5,0,0,0,0,0,5,1,6
3101508,0,0,0,38,0,0,0,0,1,0,0,0,0,0,39,0,39
3101607,0,0,0,1,0,0,0,0,0,0,0,1,0,0,2,0,2
3102100,0,0,0,7,0,0,1,0,0,0,0,0,0,0,8,0,8
3102308,0,0,0,7,3,0,0,0,0,0,0,0,0,0,10,0,10
3103009,0,0,0,44,0,0,1,0,0,0,0,0,0,0,44,1,45
3103108,0,0,0,11,0,1,2,0,0,0,0,0,0,0,12,2,14
3104601,0,0,0,26,0,0,0,0,10,0,1,0,0,0,36,1,37
3104908,0,0,0,7,0,0,0,0,0,0,0,0,0,0,6,1,7
3105509,0,0,0,8,0,0,0,0,2,0,0,0,0,0,10,0,10
3105608,0,0,0,19,0,0,1,0,1,0,0,0,0,0,11,10,21
3105707,0,0,0,3,0,0,0,0,2,0,0,0,0,0,2,3,5
3106309,0,0,0,16,0,0,1,0,6,0,0,0,0,0,23,0,23
3106408,0,0,0,1,0,0,0,0,2,0,0,0,0,0,3,0,3
3106705,0,0,0,136,0,1,12,0,15,0,5,11,0,0,159,21,180
3108552,0,0,0,0,0,1,0,0,2,0,0,0,0,0,3,0,3
3108909,0,0,0,7,0,1,0,0,2,0,0,0,0,0,10,0,10
3109006,0,0,0,3,0,0,0,0,1,0,0,0,0,0,4,0,4
3109402,0,0,0,0,0,0,0,0,1,0,0,0,0,0,1,0,1
3110004,0,0,0,31,0,2,1,0,0,0,3,0,0,0,37,0,37
3110103,0,0,0,16,0,0,0,0,9,0,0,0,0,0,16,9,25
3110202,0,0,0,16,0,1,1,0,5,0,0,0,0,0,5,18,23
3110509,0,0,0,10,0,0,0,0,7,0,0,0,0,0,15,2,17
3110707,0,0,0,4,0,0,0,0,1,0,0,0,0,0,5,0,5
3110806,0,0,0,11,0,0,0,0,1,0,0,0,0,0,4,8,12
3111903,0,0,0,0,0,0,0,0,2,0,0,0,0,0,2,0,2
3112059,0,0,0,1,0,0,1,0,1,0,0,1,0,0,4,0,4
3112307,0,0,1,10,0,1,4,0,2,0,0,0,0,0,14,4,18
3112406,0,0,0,3,0,1,0,0,0,0,0,0,0,0,3,1,4
3112653,0,0,0,6,0,3,0,0,1,0,0,0,0,0,9,1,10
3112901,0,0,0,3,0,0,0,0,2,0,0,0,0,0,5,0,5
3113008,0,0,0,13,0,1,0,0,0,0,4,0,0,0,8,10,18
3113206,0,0,0,5,0,0,0,0,4,0,0,0,0,0,6,3,9
3113305,0,0,0,7,0,0,0,0,5,0,0,0,0,0,7,5,12
3113404,0,0,0,14,1,0,0,0,0,0,0,0,0,0,5,10,15
3113602,0,0,0,3,0,0,0,0,1,0,0,0,0,0,4,0,4
3113701,0,0,0,13,0,0,0,0,4,0,1,0,0,0,14,4,18
3113800,0,0,0,17,0,0,0,0,1,0,1,0,0,0,15,4,19
3114105,0,0,0,3,4,0,0,0,0,0,0,0,0,0,5,2,7
3114501,0,0,0,1,0,0,0,0,0,0,0,0,0,0,1,0,1
3115300,0,0,0,22,0,0,0,0,0,0,0,0,0,0,22,0,22
3115508,0,0,0,14,0,0,0,0,0,0,0,1,0,0,4,11,15
3115904,0,0,0,2,0,0,0,0,0,0,0,0,0,0,2,0,2
3116001,0,0,0,5,0,0,0,0,1,0,0,0,0,0,4,2,6
3116100,0,0,0,0,0,0,3,0,1,0,0,0,0,0,1,3,4
3116308,0,0,0,22,0,0,0,0,2,0,0,0,0,0,23,1,24
3116605,0,0,0,8,0,0,0,0,2,0,0,0,0,0,10,0,10
3116704,0,0,0,16,0,1,0,0,8,0,0,0,0,0,9,16,25
3117504,0,0,0,19,0,0,1,0,0,0,1,2,0,0,23,0,23
3117801,0,0,2,6,0,0,0,0,7,0,5,0,0,0,15,5,20
3118007,0,0,0,15,0,0,0,0,9,0,0,0,0,0,10,14,24
3118304,0,0,0,12,0,0,0,0,5,0,0,1,0,0,17,1,18
3118601,0,0,0,28,0,0,0,0,0,0,0,0,0,0,12,16,28
3119203,0,0,0,10,0,0,0,0,0,0,0,0,0,0,7,3,10
3119401,0,0,1,6,5,0,0,0,0,0,0,0,0,0,0,12,12
3121100,0,0,0,8,0,0,0,0,3,0,1,0,0,0,11,1,12
3121704,0,0,0,13,0,0,0,0,0,0,0,0,0,0,7,6,13
3121902,0,0,0,4,1,0,0,0,0,0,0,0,0,0,3,2,5
3122504,0,0,0,4,0,2,0,0,1,0,0,0,0,0,7,0,7
3122603,0,0,0,1,0,0,0,0,0,0,0,0,0,0,0,1,1
3122702,0,0,0,19,0,0,4,0,3,0,0,0,0,0,23,3,26
3122900,0,0,0,6,0,0,1,0,2,0,0,0,0,0,9,0,9
3123700,0,0,0,4,0,0,0,0,1,0,0,0,0,0,3,2,5
3123908,0,0,0,8,0,0,1,0,6,0,0,0,0,0,13,2,15
3124005,0,0,0,37,0,0,0,0,7,0,0,0,0,0,16,28,44
3124203,0,0,0,14,0,0,0,0,2,0,0,0,0,0,13,3,16
3124906,0,0,0,6,0,0,0,0,5,0,0,0,0,0,11,0,11
3125002,0,0,0,20,0,0,0,0,9,0,0,0,0,0,16,13,29
3125606,0,0,0,2,0,0,0,0,1,0,0,0,0,0,3,0,3
3125804,0,0,0,3,0,0,0,0,0,0,0,0,0,0,3,0,3
3126109,0,0,0,13,0,0,0,0,1,0,0,0,0,0,13,1,14
3126703,0,0,0,0,0,0,0,0,1,0,0,0,0,0,1,0,1
3126752,0,0,0,5,0,2,0,0,7,0,0,0,0,0,14,0,14
3126802,0,0,0,15,0,1,0,0,2,0,0,0,0,0,17,1,18
3126901,0,0,0,1,0,0,0,0,1,0,0,0,0,0,0,2,2
3127107,0,0,0,6,0,1,0,0,2,0,0,0,0,0,6,3,9
3127305,0,0,0,11,0,0,0,0,3,0,0,0,0,0,13,1,14
3128204,0,0,0,1,0,0,0,0,5,0,0,0,0,0,0,6,6
3128402,0,0,0,4,0,0,0,0,0,0,0,0,0,0,4,0,4
3128808,0,1,0,5,0,0,0,0,15,0,0,0,0,0,13,8,21
3129004,0,0,0,20,0,0,0,0,2,0,0,0,0,0,22,0,22
3129301,0,0,0,13,0,0,0,0,1,0,0,0,0,0,7,7,14
3129806,0,0,0,102,0,0,1,0,5,0,0,0,0,2,62,48,110
3130101,0,0,0,3,0,0,0,0,3,0,0,0,0,0,6,0,6
3130903,0,0,0,8,0,0,2,0,3,0,0,0,0,0,8,5,13
3131307,0,0,0,94,0,1,3,0,1,0,0,0,0,0,80,19,99
3131505,0,0,0,0,0,0,0,0,2,0,0,0,0,0,2,0,2
3131703,0,0,0,3,0,1,1,0,1,0,0,0,0,0,6,0,6
3131802,0,0,0,25,0,0,0,0,0,0,1,0,0,0,25,1,26
3132107,0,0,0,0,0,0,0,0,4,0,0,0,0,0,1,3,4
3132206,0,0,0,4,0,0,2,0,5,0,0,0,0,0,9,2,11
3132404,0,0,0,29,0,1,0,0,5,0,5,0,0,0,39,1,40
3132701,0,0,0,8,0,0,4,0,4,0,3,0,0,0,17,2,19
3133006,0,0,0,4,0,0,0,0,1,0,0,0,0,0,4,1,5
3133204,0,0,0,8,0,1,0,0,2,0,0,0,0,0,11,0,11
3133501,0,0,0,0,0,0,0,0,3,0,0,0,0,0,3,0,3
3133600,0,0,0,3,0,0,0,0,3,0,0,0,0,0,6,0,6
3135076,0,0,0,10,1,2,1,0,1,0,0,0,0,0,7,8,15
3135209,0,0,0,0,0,1,0,0,3,0,0,0,0,0,4,0,4
3135407,0,0,0,0,0,0,0,0,4,0,0,0,0,0,4,0,4
3136207,0,0,0,18,0,0,3,0,0,0,0,1,0,0,10,12,22
3136702,0,0,0,78,0,0,0,0,1,0,1,0,0,0,59,21,80
3137007,0,0,0,10,0,0,2,0,1,0,0,0,0,0,12,1,13
3137700,0,0,0,4,0,0,0,0,0,0,4,0,0,0,4,4,8
3137809,0,0,0,5,0,0,0,0,3,0,0,1,0,0,9,0,9
3137908,0,0,0,7,0,0,0,0,1,0,0,0,0,0,8,0,8
3138203,0,0,0,9,0,0,0,0,3,0,0,1,0,0,12,1,13
3138302,0,0,0,1,0,0,0,0,0,0,3,0,0,0,4,0,4
3138500,0,0,0,18,0,0,0,0,2,0,1,0,0,0,21,0,21
3138609,0,0,0,6,0,0,0,0,0,0,0,0,0,0,6,0,6
3139201,0,0,0,18,0,0,1,0,0,0,0,0,0,0,15,4,19
3139409,0,0,0,15,1,0,0,0,2,0,0,0,0,0,1,17,18
3139508,0,0,0,20,0,0,0,0,6,0,0,0,0,0,3,23,26
3139607,0,0,0,2,0,0,1,0,1,0,0,0,0,0,0,4,4
3139904,0,0,0,11,0,0,1,0,4,0,0,0,0,0,15,1,16
3140001,0,0,1,4,0,0,0,0,0,0,1,1,0,0,7,0,7
3140407,0,0,0,6,0,1,0,0,0,0,0,0,0,0,7,0,7
3140605,0,0,0,5,0,1,0,0,0,0,0,2,0,0,8,0,8
3140803,0,0,0,24,0,0,0,0,8,0,0,0,0,0,17,15,32
3140852,0,0,0,0,0,0,0,0,3,0,0,0,0,0,3,0,3
3142205,0,0,0,3,0,0,0,0,2,0,0,0,0,0,5,0,5
3143153,0,0,0,2,0,0,2,0,0,0,1,0,0,0,5,0,5
3143302,0,0,0,3,0,0,0,0,1,0,0,0,0,0,4,0,4
3143401,0,0,0,2,0,0,1,0,2,0,0,0,0,0,4,1,5
3143708,0,0,0,7,0,0,0,0,0,0,0,0,0,0,6,1,7
3143906,0,0,0,53,0,0,0,0,0,0,0,1,0,0,53,1,54
3144003,0,0,0,4,0,0,0,0,3,0,0,0,0,0,6,1,7
3144300,0,0,0,9,0,0,0,0,8,0,0,0,0,0,15,2,17
3144359,0,0,0,16,0,0,0,0,0,0,0,1,0,0,8,9,17
3144672,0,0,0,2,0,1,0,0,2,0,0,0,0,0,5,0,5
3144706,0,0,0,39,0,1,1,0,19,0,1,0,0,0,59,2,61
3144805,0,0,0,14,0,0,0,0,1,0,0,0,0,0,6,9,15
3145307,0,0,0,24,0,2,1,0,9,0,0,0,0,0,25,11,36
3146008,0,0,0,4,0,0,0,0,2,0,0,0,0,0,6,0,6
3146107,0,0,0,245,0,15,11,0,15,0,23,4,0,0,304,9,313
3146305,0,0,0,12,0,0,0,0,1,0,1,0,0,0,10,4,14
3146701,0,0,0,12,0,0,0,0,7,0,0,0,0,0,19,0,19
3147303,0,0,1,13,0,0,0,0,5,0,2,0,0,0,9,12,21
3147600,0,0,0,15,0,0,0,0,1,0,0,1,0,0,15,2,17
3147808,0,0,0,5,0,0,0,0,1,0,0,0,0,0,6,0,6
3148202,0,0,0,0,0,0,0,0,2,0,0,0,0,0,2,0,2
3148608,0,0,0,22,0,1,2,0,0,0,2,0,0,0,25,2,27
3149150,0,0,0,0,0,0,1,0,5,0,0,0,0,0,6,0,6
3149903,0,0,0,0,7,0,0,0,0,0,0,0,0,0,5,2,7
3149952,0,0,0,4,0,0,0,0,0,0,0,0,0,0,0,4,4
3150109,0,0,0,3,0,0,0,0,0,0,0,0,0,0,0,3,3
3150802,0,0,0,9,0,0,0,0,2,0,0,0,0,0,9,2,11
3151107,0,0,0,1,0,0,6,0,1,0,0,0,0,0,8,0,8
3151206,0,0,0,0,0,0,0,0,2,0,0,0,0,0,2,0,2
3152105,0,0,0,11,0,0,0,0,3,0,0,0,0,0,14,0,14
3152501,0,0,0,3,0,0,0,0,3,0,1,0,0,0,7,0,7
3153400,0,0,0,3,0,0,0,0,1,0,0,0,0,0,2,2,4
3153509,0,0,0,2,0,0,0,0,2,0,0,0,0,0,4,0,4
3153905,0,0,0,7,0,0,0,0,0,0,0,0,0,0,7,0,7
3154002,0,0,0,6,0,0,0,0,2,0,0,0,0,0,7,1,8
3154150,0,0,0,4,0,0,0,0,0,0,0,0,0,0,3,1,4
3154309,0,0,0,43,1,4,1,0,6,0,14,0,0,0,53,16,69
3154606,0,0,0,18,0,2,1,0,3,0,1,0,0,0,22,3,25
3154804,0,0,0,7,0,0,0,0,0,0,0,0,0,0,6,1,7
3154903,0,0,0,5,0,0,0,0,4,0,0,0,0,0,5,4,9
3155009,0,0,0,11,0,0,0,0,0,0,0,1,0,0,12,0,12
3155603,0,0,0,1,0,0,0,0,0,0,0,0,0,0,1,0,1
3155702,0,0,0,3,0,0,0,0,2,0,0,0,0,0,5,0,5
3156205,0,0,0,2,0,0,0,0,1,0,0,0,0,0,3,0,3
3156700,0,0,0,23,0,0,0,0,3,0,1,0,0,0,19,8,27
3156809,0,0,0,55,0,1,0,0,0,0,0,0,0,0,55,1,56
3157005,0,0,0,0,0,0,0,0,2,0,0,0,0,0,2,0,2
3157807,0,0,0,32,1,3,12,0,23,0,1,0,3,0,35,40,75
3158003,0,0,2,18,0,0,1,0,0,0,0,0,0,0,12,9,21
3158953,0,0,0,17,0,0,0,0,5,0,0,0,0,0,21,1,22
3159605,0,0,0,6,0,0,0,0,2,0,0,0,0,0,7,1,8
3160207,0,0,0,2,0,0,0,0,1,0,0,0,0,0,3,0,3
3160702,0,0,0,3,0,0,0,0,0,0,0,0,0,0,0,3,3
3161106,0,0,0,0,0,0,0,0,12,0,0,0,0,0,12,0,12
3161502,0,0,0,3,0,0,0,0,0,0,0,0,0,0,2,1,3
3161650,0,0,0,3,0,0,0,0,4,0,0,0,0,0,7,0,7
3162302,0,0,0,0,1,0,0,0,0,0,1,0,0,0,1,1,2
3162500,0,0,0,4,0,0,8,0,12,0,2,2,0,0,21,7,28
3162906,0,0,0,5,0,0,0,0,2,0,0,0,0,0,7,0,7
3163706,0,0,0,9,0,1,1,0,17,0,0,0,0,0,27,1,28
3164001,0,0,0,4,0,0,0,0,1,0,0,0,0,0,3,2,5
3164100,0,0,0,8,0,0,0,0,3,0,0,0,0,0,8,3,11
3165503,0,0,0,12,0,0,0,0,0,0,0,0,0,0,9,3,12
3165701,0,0,0,13,0,0,1,0,3,0,0,1,0,0,18,0,18
3166006,0,0,0,6,0,0,0,0,0,0,0,0,0,0,6,0,6
3166501,0,0,0,0,0,0,0,0,2,0,0,0,0,0,2,0,2
3167103,0,0,0,22,0,0,0,0,8,0,0,0,0,0,28,2,30
3167202,0,0,0,1,0,0,1,0,0,0,0,0,0,0,1,1,2
3167400,0,0,0,6,0,0,0,0,0,0,0,0,0,0,6,0,6
3167509,0,0,0,5,1,0,0,0,0,0,0,0,0,0,6,0,6
3167806,0,0,0,10,0,0,0,0,4,0,0,1,0,0,6,9,15
3168606,0,0,0,9,0,0,2,0,1,0,0,0,0,0,3,9,12
3168705,0,0,0,11,3,0,0,0,0,0,0,0,0,0,0,14,14
3169307,0,0,0,5,0,0,0,0,9,0,0,0,0,0,14,0,14
3169356,0,0,0,1,0,0,0,0,5,0,0,0,0,0,6,0,6
3169505,0,0,0,7,0,0,0,0,6,0,0,0,0,0,9,4,13
3169901,0,0,0,30,0,0,0,0,0,0,0,0,0,0,30,0,30
3170404,0,0,0,0,0,0,0,0,1,0,0,0,0,0,1,0,1
3170503,0,0,0,16,0,0,0,0,1,0,0,0,0,0,16,1,17
3171006,0,1,0,1,0,0,3,0,0,0,0,0,0,0,4,1,5
3171204,0,0,0,5,0,0,0,0,0,0,0,0,0,0,0,5,5
3171303,0,0,0,22,0,0,0,0,3,0,0,0,0,0,5,20,25
3171907,0,0,0,4,0,1,0,0,2,0,0,0,0,0,7,0,7
3172004,0,0,0,27,1,0,0,0,1,0,0,0,0,0,16,13,29
3200102,0,0,0,32,0,6,0,0,0,0,0,0,0,0,22,16,38
3200136,0,0,0,7,0,0,0,0,13,0,2,0,0,0,13,9,22
3200169,0,0,0,12,0,0,0,0,1,0,0,0,0,0,7,6,13
3200201,0,0,1,52,0,0,1,0,16,0,2,0,0,0,50,22,72
3200300,0,0,1,13,4,0,0,0,0,0,0,0,0,0,17,1,18
3200359,0,0,0,11,0,0,0,0,2,0,0,0,0,0,13,0,13
3200409,0,0,0,7,0,0,2,0,0,0,1,0,0,0,5,5,10
3200508,0,0,0,1,0,0,0,0,3,0,0,0,0,0,4,0,4
3200607,0,0,0,34,2,0,0,0,17,0,0,0,0,0,28,25,53
3200706,0,0,0,4,0,1,0,0,0,0,0,0,0,0,4,1,5
3200805,0,0,0,12,0,0,0,0,9,0,0,0,0,0,7,14,21
3200904,0,0,0,9,0,0,0,0,0,0,0,0,0,0,5,4,9
3201001,0,0,0,0,0,0,0,0,2,0,0,0,0,0,2,0,2
3201100,0,0,0,9,0,0,1,0,3,0,0,0,0,0,13,0,13
3201159,0,0,0,7,0,0,0,0,3,0,0,0,0,0,10,0,10
3201209,0,0,1,27,0,0,0,0,17,0,1,0,0,0,31,15,46
3201308,0,0,1,87,0,0,0,0,4,0,0,0,0,0,47,45,92
3201407,0,0,0,11,0,12,0,0,0,0,4,0,0,0,12,15,27
3201506,0,0,0,46,0,1,0,0,17,0,0,0,0,0,34,30,64
3201605,0,0,0,0,0,0,0,0,3,0,0,1,0,0,4,0,4
3201704,0,0,0,2,0,0,0,0,0,0,0,0,0,0,0,2,2
3201803,0,0,0,2,0,0,0,0,1,0,1,0,0,0,4,0,4
3201902,0,0,0,19,0,0,1,0,0,0,0,2,0,0,1,21,22
3202009,0,0,0,19,0,3,2,0,3,0,1,0,0,0,19,9,28
3202108,0,0,0,6,0,1,0,0,6,0,2,0,0,0,13,2,15
3202207,0,0,0,11,0,0,0,0,3,0,1,0,0,0,8,7,15
3202256,0,0,0,5,0,0,0,0,3,0,0,0,0,0,7,1,8
3202306,0,0,0,17,0,0,0,0,0,0,0,0,0,0,0,17,17
3202405,0,0,0,0,0,0,10,0,3,0,0,0,0,0,3,10,13
3202454,0,0,0,7,0,0,0,0,3,0,0,0,0,0,0,10,10
3202504,0,0,0,4,0,0,0,0,2,0,0,0,0,0,4,2,6
3202553,0,0,0,17,0,0,0,0,3,0,3,0,0,0,23,0,23
3202603,0,0,0,5,0,2,0,0,6,0,0,0,0,1,5,9,14
3202652,0,0,0,15,0,0,0,0,5,0,0,0,0,0,18,2,20
3202702,0,0,0,10,0,0,0,0,0,0,0,0,0,0,0,10,10
3202801,0,0,0,7,0,0,0,0,5,0,0,0,0,0,11,1,12
3202900,0,0,0,7,0,0,0,0,4,0,0,0,0,0,11,0,11
3203007,0,0,0,9,0,0,0,0,2,0,0,0,0,0,9,2,11
3203056,0,0,0,3,0,0,0,0,0,0,0,0,0,0,2,1,3
3203106,0,0,0,1,0,0,2,0,2,0,2,0,0,0,2,5,7
3203130,0,0,0,8,0,0,0,0,2,0,0,0,0,0,7,3,10
3203163,0,0,0,8,0,0,0,0,2,0,0,0,0,0,9,1,10
3203205,2,0,0,5,0,0,0,0,5,0,1,0,0,0,10,3,13
3203304,0,0,0,11,0,0,1,0,3,0,0,0,0,0,10,5,15
3203320,0,0,0,7,0,0,3,0,0,0,0,0,0,0,7,3,10
3203346,0,0,0,27,0,1,0,0,14,0,2,0,0,0,20,24,44
3203353,0,0,0,25,0,0,2,0,0,0,0,0,0,0,24,3,27
3203403,0,0,0,16,0,0,0,0,0,0,7,0,0,0,21,2,23
3203502,0,0,0,3,0,0,0,0,0,0,0,0,0,0,1,2,3
3203700,0,0,0,5,0,0,0,0,6,0,0,0,0,0,6,5,11
3203809,0,0,0,4,3,0,0,0,0,0,1,0,0,0,5,3,8
3203908,0,0,0,8,0,0,0,0,3,0,1,0,0,0,8,4,12
3204005,0,0,0,14,0,1,0,0,3,0,7,0,0,0,21,4,25
3204054,0,0,0,0,0,0,3,0,0,0,0,0,0,0,3,0,3
3204203,0,0,0,4,0,0,1,0,1,0,0,0,0,0,2,4,6
3204302,0,0,0,3,0,0,0,0,1,0,0,0,0,0,1,3,4
3204351,0,0,0,3,0,0,0,0,2,0,0,0,0,0,2,3,5
3204401,0,0,0,1,0,8,0,0,0,0,5,1,0,0,5,10,15
3204500,0,0,0,15,0,0,0,0,10,0,1,0,0,0,25,1,26
3204559,0,0,0,9,0,0,0,0,0,0,0,0,0,0,0,9,9
3204609,0,0,0,6,0,0,0,0,0,0,0,0,0,0,4,2,6
3204658,0,0,0,6,0,0,0,0,1,0,0,0,0,0,6,1,7
3204708,0,0,0,13,0,0,0,0,5,0,0,0,0,0,16,2,18
3204807,0,0,0,12,0,0,0,0,0,0,0,0,0,0,0,12,12
3204906,0,0,0,3,0,0,0,0,2,0,0,0,0,0,1,4,5
3204955,0,0,0,3,0,0,0,0,2,0,0,0,0,0,1,4,5
3205002,0,0,0,8,0,0,0,0,4,0,0,0,0,0,10,2,12
3205010,0,0,0,0,0,0,0,0,5,0,0,0,0,0,5,0,5
3205036,0,0,0,2,0,0,0,0,13,0,1,0,0,0,14,2,16
3205069,0,0,1,8,0,0,1,0,3,0,1,0,0,0,12,2,14
3205101,0,0,0,20,10,0,0,0,3,0,2,0,0,0,35,0,35
3205150,0,0,0,5,0,0,0,0,10,0,1,0,0,0,14,2,16
3205176,0,0,0,1,0,0,0,0,0,0,0,0,0,0,1,0,1
3205200,0,1,0,12,1,0,0,0,0,0,2,0,0,0,0,16,16
3300100,0,0,5,64,0,2,0,0,0,0,3,1,0,0,44,31,75
3301108,0,0,0,6,0,0,0,0,0,0,0,2,0,0,4,4,8
3303401,0,0,12,240,0,0,1,0,1,0,0,0,0,0,0,254,254
3304607,0,0,0,1,0,1,0,0,0,0,1,0,0,0,2,1,3
3305703,0,0,0,3,0,0,2,0,0,0,0,1,0,0,3,3,6
3500402,0,0,0,3,0,0,0,0,2,0,1,0,0,0,6,0,6
3500501,0,0,0,8,0,0,1,0,0,0,0,0,0,0,9,0,9
3500550,0,0,0,1,1,0,1,0,0,0,0,0,0,0,3,0,3
3501608,0,0,0,1,0,0,0,0,5,0,0,0,0,0,6,0,6
3501905,0,0,0,8,0,3,0,0,1,0,0,0,0,0,12,0,12
3502002,0,0,0,0,0,0,0,0,1,0,0,0,0,0,1,0,1
3502705,0,0,0,15,0,0,0,0,6,0,0,0,0,0,11,10,21
3503109,0,0,0,0,0,0,0,0,2,0,0,0,0,0,2,0,2
3503604,0,0,0,0,0,0,0,0,1,0,0,0,0,0,1,0,1
3503802,1,0,0,0,0,0,1,0,0,0,0,0,0,0,1,1,2
3504107,0,0,0,5,0,3,0,0,4,0,0,0,0,0,7,5,12
3504503,0,0,0,0,0,0,1,0,3,0,0,0,0,0,4,0,4
3506003,0,0,0,0,1,4,0,0,1,0,0,0,0,0,6,0,6
3506904,0,0,0,0,0,0,0,0,1,0,0,0,0,0,1,0,1
3507605,0,0,0,3,0,0,1,0,9,0,1,0,0,0,14,0,14
3508405,0,0,0,2,0,1,1,0,2,0,1,0,0,0,7,0,7
3508801,0,0,0,0,0,0,0,0,2,0,0,0,0,0,2,0,2
3509502,0,0,0,5,11,0,1,0,1,0,0,0,0,0,18,0,18
3510401,0,0,0,1,0,0,0,0,10,0,0,0,0,0,11,0,11
3510609,0,0,0,2,0,0,0,0,4,0,0,0,0,0,5,1,6
3510807,0,0,0,0,0,0,3,0,0,0,0,0,0,0,3,0,3
3511607,0,0,0,0,0,0,0,0,2,0,0,0,0,0,2,0,2
3511706,0,0,0,4,0,0,0,0,0,0,0,0,0,0,3,1,4
3512209,0,0,0,0,2,0,0,0,0,0,0,0,0,0,2,0,2
3512308,0,0,0,0,0,0,0,0,4,0,0,0,0,0,4,0,4
3512407,0,0,0,1,0,0,0,0,0,0,0,0,0,0,1,0,1
3513603,0,0,0,9,0,0,0,0,1,0,0,0,0,0,9,1,10
3514403,0,0,0,0,0,0,3,0,0,0,0,0,0,0,2,1,3
3514809,0,0,0,4,0,0,0,0,7,0,0,0,0,0,11,0,11
3515004,0,0,0,15,0,0,0,0,2,0,0,0,0,0,13,4,17
3515103,0,0,0,13,0,0,0,0,3,0,0,0,0,0,13,3,16
3515186,0,0,0,2,0,0,0,0,2,0,0,0,0,0,4,0,4
3515509,0,0,0,0,0,0,1,0,0,0,0,0,0,0,1,0,1
3515608,0,0,0,0,0,0,0,0,1,0,0,0,0,0,1,0,1
3516200,0,0,0,1,0,0,1,0,6,0,0,0,0,0,7,1,8
3516309,0,0,0,69,0,0,13,0,4,0,0,0,0,0,51,35,86
3518305,0,0,0,14,0,1,0,0,2,0,0,0,0,0,6,11,17
3518503,0,0,0,1,0,0,0,0,1,0,0,0,0,0,1,1,2
3518800,0,0,0,45,0,0,3,0,43,0,0,0,0,0,74,17,91
3520301,0,0,0,3,0,0,3,0,7,0,2,0,0,0,12,3,15
3521002,0,0,0,1,0,0,0,0,1,0,0,0,0,0,2,0,2
3522109,0,0,0,3,0,0,0,0,10,0,0,0,0,0,11,2,13
3522208,0,0,0,15,0,0,0,0,2,0,0,0,0,0,13,4,17
3522802,0,0,0,0,0,0,1,0,3,0,0,0,0,0,4,0,4
3523107,0,0,0,18,0,0,0,0,13,0,0,0,0,0,24,7,31
3523206,0,0,0,1,0,0,1,0,4,0,0,0,0,0,6,0,6
3523305,0,0,0,4,0,0,0,0,3,0,0,0,0,0,7,0,7
3523404,0,0,0,1,0,0,1,0,11,0,0,0,0,0,13,0,13
3523503,0,0,0,0,0,0,0,0,1,0,0,0,0,0,1,0,1
3523602,0,0,0,1,0,0,1,0,0,0,0,0,0,0,2,0,2
3523909,0,0,0,0,0,0,1,0,1,0,0,0,0,0,1,1,2
3525003,0,0,0,6,0,0,0,0,3,0,0,0,0,0,6,3,9
3525904,0,0,0,15,0,0,8,0,6,0,0,0,0,0,21,8,29
3526902,0,0,0,3,0,1,2,0,3,0,0,0,0,0,7,2,9
3527009,0,0,0,6,0,0,0,0,0,0,0,0,0,0,5,1,6
3528502,0,0,0,21,0,0,1,0,1,0,2,0,0,1,9,17,26
3528601,0,0,0,1,0,0,1,0,0,0,0,0,0,0,2,0,2
3529005,0,0,0,10,0,3,0,0,0,0,0,0,0,0,11,2,13
3530904,0,0,0,0,0,0,0,0,1,0,0,0,0,0,1,0,1
3531803,0,0,0,0,0,0,0,0,4,0,0,0,0,0,4,0,4
3533403,0,0,0,0,0,0,0,0,7,0,0,0,0,0,7,0,7
3534906,0,0,0,0,0,0,1,0,0,0,0,0,0,0,1,0,1
3536000,0,0,0,0,0,0,1,0,0,0,0,0,0,0,1,0,1
3536109,0,0,0,0,0,0,0,0,1,0,0,0,0,0,1,0,1
3536208,0,0,0,0,0,0,0,0,2,0,0,0,0,0,2,0,2
3536802,0,0,0,3,2,0,0,0,0,0,0,0,0,0,5,0,5
3537107,0,0,0,7,0,0,0,0,5,0,0,0,0,0,12,0,12
3537800,0,0,0,2,0,0,0,0,0,0,4,0,0,0,4,2,6
3537909,0,0,0,2,0,0,0,0,1,0,0,0,0,0,3,0,3
3538204,0,0,0,1,0,0,1,0,4,0,0,0,0,0,5,1,6
3538709,0,0,0,3,0,0,1,0,3,0,1,0,0,0,4,4,8
3539301,0,0,0,0,0,0,0,0,3,0,0,0,0,0,3,0,3
3540507,0,0,0,1,0,0,0,0,2,0,0,0,0,0,3,0,3
3540705,0,0,0,0,0,0,0,0,1,0,0,0,0,0,1,0,1
3541000,0,0,0,0,0,2,0,0,2,0,0,0,0,0,4,0,4
3541059,0,0,0,0,0,0,0,0,1,0,0,0,0,0,1,0,1
3542602,0,0,0,5,0,0,0,0,8,0,0,0,0,0,10,3,13
3543006,0,0,0,14,0,0,0,0,6,0,0,0,0,0,20,0,20
3544004,0,0,0,0,0,0,2,0,1,0,0,0,0,0,3,0,3
3546702,0,0,0,0,0,0,0,0,1,0,0,0,0,0,1,0,1
3547304,0,0,0,9,0,0,0,0,0,0,0,0,0,0,9,0,9
3547809,0,0,0,27,0,1,0,0,10,0,0,0,0,0,30,8,38
3548708,0,0,0,7,1,12,3,0,8,0,0,1,0,0,32,0,32
3548906,0,0,0,1,1,0,0,0,2,0,1,0,0,0,5,0,5
3549102,0,0,0,0,0,0,0,0,1,0,0,0,0,0,1,0,1
3549706,0,0,0,1,0,0,0,0,2,0,1,0,0,0,4,0,4
3550001,0,0,0,10,0,0,0,0,2,0,0,0,0,0,11,1,12
3550100,0,0,0,3,0,0,8,0,0,0,0,0,0,0,9,2,11
3550209,0,0,0,1,0,0,0,0,0,0,0,0,0,0,1,0,1
3550407,0,0,0,0,0,0,2,0,0,0,0,0,0,0,1,1,2
3550605,0,0,0,3,0,0,0,0,0,0,0,0,0,0,1,2,3
3550803,0,0,0,0,0,0,0,0,1,0,0,0,0,0,1,0,1
3551207,0,0,0,0,0,0,0,0,1,0,0,0,0,0,1,0,1
3551702,0,0,0,0,0,0,0,0,2,0,0,0,0,0,2,0,2
3551801,0,0,0,6,0,0,0,0,1,0,0,0,0,0,7,0,7
3552205,0,0,0,10,0,2,1,0,4,0,1,0,0,0,9,9,18
3552403,0,0,0,0,0,1,2,0,5,0,0,0,0,0,8,0,8
3553302,0,0,0,0,0,0,0,0,1,0,0,0,0,0,1,0,1
3553856,0,0,0,0,0,0,0,0,2,0,0,0,0,0,2,0,2
3556404,0,0,0,0,0,0,0,0,1,0,0,0,0,0,1,0,1
3556701,0,0,0,4,0,0,0,0,0,0,0,0,0,0,2,2,4
3557303,0,0,0,0,1,0,0,0,0,0,0,0,0,0,1,0,1
4100400,0,0,0,17,0,0,0,0,6,0,1,0,0,0,21,3,24
4101200,0,0,0,5,0,0,0,0,2,0,0,0,0,0,7,0,7
4101804,0,0,0,5,0,0,0,0,4,0,0,0,0,0,5,4,9
4102604,0,0,0,2,0,0,0,0,0,0,0,0,0,0,2,0,2
4103057,0,0,0,1,0,0,0,0,1,0,0,0,0,0,1,1,2
4103107,0,0,0,3,0,0,0,0,1,0,0,0,0,0,1,3,4
4104006,0,0,0,0,0,0,0,0,2,0,0,0,0,0,0,2,2
4104204,0,0,0,23,0,0,0,0,22,0,0,0,0,0,12,33,45
4104253,0,0,0,2,0,0,0,0,4,0,0,0,0,0,4,2,6
4104600,0,0,0,2,0,0,0,0,1,0,0,0,0,0,2,1,3
4105201,0,0,0,4,0,0,0,0,4,0,0,0,0,0,7,1,8
4105805,0,0,0,0,0,0,0,0,3,0,0,0,0,0,3,0,3
4106902,0,0,0,3,0,0,0,0,0,0,0,0,0,0,3,0,3
4107652,0,0,0,4,0,0,0,0,4,0,0,0,0,0,2,6,8
4108304,0,0,0,0,0,0,0,0,12,0,1,0,0,0,8,5,13
4108403,0,0,0,1,0,2,0,0,8,0,0,0,0,0,8,3,11
4108502,0,0,0,2,0,0,0,0,2,0,0,0,0,0,2,2,4
4109302,0,0,0,6,0,0,0,0,0,0,0,1,0,0,7,0,7
4109500,0,0,0,1,0,0,0,0,8,0,0,0,0,0,4,5,9
4109609,0,0,0,0,0,0,0,0,1,0,0,0,0,0,0,1,1
4111258,0,0,0,1,0,0,0,0,0,0,0,0,0,0,0,1,1
4112009,0,0,0,0,0,0,1,0,2,0,0,0,0,0,2,1,3
4113502,0,0,0,0,0,0,1,0,0,0,0,0,0,0,0,1,1
4118204,0,0,0,1,0,0,0,0,0,0,0,0,0,0,0,1,1
4118501,0,0,0,1,0,0,0,0,1,0,0,0,0,0,2,0,2
4119152,0,1,0,0,0,0,3,0,2,0,0,0,0,0,6,0,6
4119509,0,0,0,0,0,0,0,0,3,0,0,0,0,0,3,0,3
4121406,0,0,0,0,0,0,0,0,2,0,0,0,0,0,1,1,2
4122156,0,0,0,2,0,0,0,0,0,0,0,0,0,0,1,1,2
4122206,0,0,0,18,0,0,0,0,5,0,0,0,2,0,13,12,25
4122305,0,0,0,0,0,0,0,0,5,0,0,0,0,0,3,2,5
4123824,0,0,0,1,0,0,0,0,0,0,0,0,0,0,0,1,1
4125506,0,0,0,0,0,0,0,0,3,0,0,0,0,0,2,1,3
4125605,0,0,0,0,0,0,0,0,4,0,0,0,0,0,0,4,4
4125704,0,0,0,0,0,0,0,0,3,0,0,0,0,0,3,0,3
4126272,0,0,0,1,0,0,0,0,0,0,0,0,0,0,0,1,1
4128104,0,0,0,0,0,0,4,0,0,0,0,0,0,0,1,3,4
4128203,0,0,0,1,5,0,0,0,0,0,0,0,0,0,6,0,6
4200051,0,0,0,1,1,2,0,0,1,0,0,0,0,0,4,1,5
4200101,0,0,0,2,0,0,0,0,6,0,1,0,0,0,9,0,9
4200200,0,0,0,0,0,0,0,0,6,0,0,0,0,0,6,0,6
4200309,0,0,0,0,0,0,0,0,6,0,0,0,0,0,1,5,6
4200408,0,0,0,7,0,0,0,0,1,0,0,0,0,0,7,1,8
4200507,0,0,0,5,1,0,0,0,1,0,0,0,0,0,3,4,7
4200556,0,0,0,1,0,0,0,0,2,0,0,0,0,0,3,0,3
4200606,0,0,0,4,0,1,0,0,4,0,0,0,0,0,9,0,9
4200705,0,0,0,18,0,0,0,0,11,0,0,0,0,0,16,13,29
4200754,0,0,0,0,0,0,0,0,1,0,0,0,0,0,1,0,1
4200804,0,0,0,4,0,0,0,0,1,0,0,0,0,0,5,0,5
4200903,0,0,0,0,0,7,0,0,0,0,0,0,0,0,7,0,7
4201000,0,0,0,3,2,0,0,0,1,0,0,0,0,0,5,1,6
4201109,0,0,0,7,2,1,1,0,0,0,0,0,0,0,6,5,11
4201208,0,0,0,10,0,2,3,0,0,0,0,0,0,0,14,1,15
4201257,0,0,0,1,0,0,0,0,11,0,0,0,0,0,10,2,12
4201273,0,0,0,0,0,2,0,0,2,0,0,0,0,0,4,0,4
4201307,0,0,0,0,0,0,0,0,12,0,0,0,0,0,12,0,12
4201406,0,0,0,0,0,0,1,0,14,0,2,0,0,0,6,11,17
4201505,0,0,0,3,0,0,0,0,0,0,1,0,0,0,4,0,4
4201653,0,0,0,2,0,0,0,0,2,0,0,0,0,0,3,1,4
4201703,0,0,1,2,0,0,1,0,4,0,0,0,0,0,7,1,8
4201802,0,0,0,0,0,0,0,0,16,0,0,0,0,0,6,10,16
4201901,0,0,0,1,0,0,1,0,6,0,0,0,0,0,5,3,8
4201950,0,0,0,0,3,1,0,0,0,0,0,0,0,0,4,0,4
4202008,0,0,0,17,0,0,0,0,6,0,2,0,0,0,25,0,25
4202057,0,0,0,0,0,0,1,0,5,0,0,0,0,0,6,0,6
4202073,0,0,0,0,3,0,1,0,0,0,0,0,0,0,4,0,4
4202081,0,0,0,3,0,0,0,0,0,0,2,0,0,0,4,1,5
4202099,0,0,0,0,0,0,0,0,1,0,0,0,0,0,1,0,1
4202107,0,0,0,1,0,0,0,0,10,0,0,0,0,0,11,0,11
4202131,0,0,0,0,0,0,0,0,4,0,0,0,0,0,4,0,4
4202156,0,0,0,2,0,0,0,0,0,0,0,0,0,0,2,0,2
4202206,0,0,0,14,0,1,0,0,12,0,0,0,0,0,27,0,27
4202305,0,0,0,18,0,9,0,0,10,0,0,0,0,0,37,0,37
4202438,0,0,0,0,0,0,0,0,7,0,0,0,0,0,6,1,7
4202453,0,0,0,4,0,0,1,0,4,0,0,1,0,0,7,3,10
4202503,0,0,0,4,0,0,0,0,4,0,0,0,0,0,8,0,8
4202537,0,0,0,0,0,0,0,0,4,0,0,0,0,0,4,0,4
4202578,0,0,0,0,0,0,0,0,1,0,0,0,0,0,1,0,1
4202602,0,0,0,5,0,0,0,0,9,0,0,0,0,0,10,4,14
4202701,0,0,0,2,0,0,7,0,3,0,0,0,0,0,12,0,12
4202800,0,0,0,2,0,0,1,0,11,0,0,0,0,0,14,0,14
4202859,0,0,0,0,0,2,0,0,0,0,0,0,0,0,2,0,2
4202875,0,0,0,1,0,0,0,0,0,0,3,0,0,0,4,0,4
4202909,0,0,0,162,0,9,1,0,24,0,0,3,0,0,153,46,199
4203006,0,0,0,10,0,11,0,0,3,0,0,1,0,0,25,0,25
4203105,0,0,0,0,0,0,0,0,3,0,0,0,0,0,3,0,3
4203154,0,0,0,5,0,0,0,0,2,0,0,0,0,0,6,1,7
4203204,0,0,0,12,0,0,0,0,2,0,0,0,0,0,7,7,14
4203253,0,0,0,0,0,0,0,0,1,0,0,0,0,0,0,1,1
4203303,0,0,0,3,0,0,0,0,5,0,1,0,0,0,9,0,9
4203501,0,0,0,0,0,0,0,0,1,0,0,0,0,0,0,1,1
4203600,0,0,0,1,1,0,0,0,2,0,0,0,0,0,3,1,4
4203709,0,0,1,1,0,0,0,0,5,0,0,0,0,0,7,0,7
4203808,0,0,0,1,0,0,0,0,10,0,0,0,0,0,11,0,11
4203907,0,0,1,4,0,0,0,0,3,0,0,0,0,0,4,4,8
4203956,0,0,0,0,0,0,1,0,0,0,4,0,0,0,5,0,5
4204004,0,0,0,6,0,1,0,0,0,0,0,0,0,0,7,0,7
4204103,0,0,0,2,0,0,0,0,2,0,0,0,0,0,4,0,4
4204152,0,0,0,1,3,0,0,0,0,0,0,0,0,0,3,1,4
4204178,0,0,0,0,2,1,0,0,1,0,0,0,0,0,2,2,4
4204194,0,0,0,0,0,0,0,0,1,0,0,0,0,0,1,0,1
4204202,0,0,0,0,0,1,0,0,2,0,0,1,0,0,2,2,4
4204251,0,0,0,0,0,0,0,0,3,0,0,0,0,0,3,0,3
4204301,0,0,0,33,1,0,0,0,5,0,1,0,0,0,34,6,40
4204350,0,0,0,4,0,0,0,0,0,0,0,0,0,0,1,3,4
4204400,0,0,0,6,0,3,0,0,1,0,0,1,0,0,6,5,11
4204459,0,0,0,11,0,0,0,0,1,0,0,0,0,0,6,6,12
4204509,0,0,0,6,3,0,0,0,0,0,0,1,0,0,5,5,10
4204558,0,0,0,0,0,0,0,0,4,0,0,0,0,0,4,0,4
4204608,0,0,0,5,0,1,0,0,18,0,1,0,0,0,16,9,25
4204707,0,0,0,0,0,1,0,0,1,0,0,0,0,0,2,0,2
4204756,0,0,0,0,0,0,0,0,1,0,0,0,0,0,1,0,1
4204806,0,0,0,4,3,0,0,0,3,0,0,0,0,0,2,8,10
4204905,0,0,1,0,0,0,0,0,0,0,0,0,0,0,1,0,1
4205001,0,0,0,7,0,1,0,0,2,0,0,0,0,0,10,0,10
4205100,0,0,0,0,0,0,1,0,6,0,0,0,0,0,5,2,7
4205159,0,0,0,2,0,0,0,0,3,0,0,0,0,0,5,0,5
4205191,0,0,0,0,1,0,0,0,1,0,0,0,0,0,1,1,2
4205209,0,0,0,6,0,0,0,0,6,0,0,0,0,0,7,5,12
4205308,0,0,0,3,0,0,0,0,4,0,0,0,0,0,5,2,7
4205407,0,0,0,12,0,0,6,0,0,0,12,0,0,0,28,2,30
4205431,0,0,0,2,0,0,1,0,3,0,0,0,0,0,6,0,6
4205456,0,0,0,0,0,0,0,0,5,0,0,0,0,0,3,2,5
4205506,0,0,0,8,0,0,1,0,4,0,0,0,0,0,11,2,13
4205555,0,0,0,1,0,0,0,0,0,0,0,0,0,0,1,0,1
4205605,0,0,0,0,0,0,0,0,3,0,0,0,0,0,2,1,3
4205704,0,0,4,18,0,0,0,0,0,0,0,0,0,0,21,1,22
4205803,0,0,0,3,0,0,0,0,1,0,0,0,0,0,4,0,4
4205902,0,0,0,35,0,0,1,0,0,0,3,0,0,0,39,0,39
4206009,0,0,0,5,0,0,0,0,0,0,9,0,0,0,14,0,14
4206108,0,0,0,6,0,0,0,0,0,0,0,0,0,0,6,0,6
4206207,0,0,0,3,0,0,0,0,0,0,1,0,0,0,4,0,4
4206306,0,0,0,18,0,6,0,0,0,0,0,0,0,0,21,3,24
4206405,0,0,0,6,0,0,0,0,1,0,3,0,0,0,9,1,10
4206504,0,0,0,17,1,0,0,0,13,0,0,0,0,0,30,1,31
4206603,0,0,0,1,0,0,0,0,1,0,0,0,0,0,2,0,2
4206652,0,0,1,4,0,5,0,0,1,0,0,0,0,0,11,0,11
4206702,0,0,0,4,0,0,0,0,2,0,0,0,0,0,4,2,6
4206751,0,0,0,0,0,0,0,0,2,0,0,0,0,0,2,0,2
4206801,0,0,0,2,0,0,0,0,0,0,0,0,0,0,0,2,2
4206900,0,0,0,15,0,0,1,0,5,0,0,0,0,0,11,10,21
4207007,0,0,0,0,0,0,0,0,8,0,0,0,0,0,6,2,8
4207106,0,0,0,13,0,0,0,0,0,0,0,0,0,0,13,0,13
4207205,0,0,0,7,0,0,0,0,0,0,3,0,0,0,10,0,10
4207304,0,0,0,3,0,0,0,0,2,0,0,0,0,0,5,0,5
4207403,0,0,0,0,0,0,0,0,5,0,0,0,0,0,5,0,5
4207502,0,0,0,4,0,0,0,0,5,0,1,2,0,0,7,5,12
4207577,0,0,0,0,0,0,0,0,1,0,0,0,0,0,1,0,1
4207601,0,0,0,2,0,0,0,0,4,0,0,0,0,0,6,0,6
4207684,0,0,0,4,0,0,0,0,5,0,0,0,0,0,8,1,9
4207700,0,0,0,7,0,1,0,0,1,0,0,0,0,0,7,2,9
4207759,0,0,0,0,0,0,0,0,1,0,0,0,0,0,0,1,1
4207809,0,0,0,1,0,0,0,0,4,0,0,0,0,0,4,1,5
4207858,0,0,0,0,0,0,0,0,2,0,0,0,0,0,2,0,2
4207908,0,0,0,0,0,0,0,0,5,0,0,0,0,0,5,0,5
4208005,0,0,0,12,0,0,0,0,3,0,0,0,0,0,15,0,15
4208104,0,0,0,0,0,0,0,0,5,0,0,0,0,0,5,0,5
4208203,0,1,0,13,5,0,0,0,0,0,0,0,0,0,11,8,19
4208302,0,0,0,3,0,0,0,0,7,0,0,0,0,0,7,3,10
4208401,0,0,0,5,0,0,0,0,2,0,0,0,0,0,7,0,7
4208450,0,0,0,0,0,0,0,0,2,0,0,0,0,0,2,0,2
4208500,0,0,2,7,6,0,0,0,1,0,0,0,0,0,14,2,16
4208609,0,0,0,2,0,0,0,0,2,0,0,0,0,0,3,1,4
4208708,0,0,5,6,0,12,1,0,22,0,1,0,0,0,39,8,47
4208807,0,0,0,1,0,0,0,0,1,0,8,0,0,0,10,0,10
4208906,0,0,5,10,0,0,0,0,1,0,1,0,0,0,17,0,17
4208955,0,0,0,1,0,0,0,0,2,0,0,0,0,0,2,1,3
4209003,0,0,0,4,0,0,0,0,3,0,0,0,0,0,7,0,7
4209102,0,0,3,69,0,4,3,0,56,0,1,4,0,0,57,83,140
4209151,0,0,0,5,0,0,0,0,0,0,0,0,0,0,4,1,5
4209177,0,0,0,0,0,0,0,0,1,0,0,0,0,0,1,0,1
4209201,0,0,0,5,0,0,0,0,6,0,0,0,0,0,11,0,11
4209300,0,0,0,28,0,0,1,0,31,0,6,0,0,0,29,37,66
4209409,0,0,0,11,0,0,0,0,0,0,3,0,0,0,14,0,14
4209458,0,0,0,1,0,0,0,0,0,0,0,0,0,0,1,0,1
4209508,0,0,0,0,0,0,0,0,5,0,0,0,0,0,1,4,5
4209607,0,0,0,4,0,0,1,0,7,0,0,0,0,0,3,9,12
4209706,0,0,0,2,0,0,0,0,6,0,0,0,0,0,8,0,8
4209805,0,0,0,1,0,0,0,0,0,0,0,0,0,0,1,0,1
4209854,0,0,0,2,0,1,0,0,3,0,0,0,0,0,6,0,6
4209904,0,0,0,2,0,0,0,0,9,0,0,0,0,0,8,3,11
4210001,0,0,0,10,0,2,1,0,1,0,0,0,0,0,8,6,14
4210035,0,0,0,0,0,0,1,0,8,0,0,0,0,0,8,1,9
4210050,0,0,0,0,0,0,0,0,3,0,0,0,0,0,3,0,3
4210100,0,0,0,2,0,1,0,0,8,0,1,0,0,0,10,2,12
4210209,0,0,0,8,0,2,0,0,0,0,2,0,0,0,12,0,12
4210308,0,0,0,1,0,0,0,0,9,0,0,0,0,0,10,0,10
4210407,0,0,0,0,0,0,0,0,3,0,1,0,0,0,4,0,4
4210506,0,0,0,0,0,0,0,0,7,0,0,0,0,0,0,7,7
4210555,0,0,0,0,0,0,0,0,1,0,0,0,0,0,1,0,1
4210605,0,0,0,6,0,2,0,0,0,0,3,0,0,0,11,0,11
4210803,0,0,1,0,0,0,1,0,4,0,0,0,0,0,6,0,6
4210852,0,0,0,4,0,1,0,0,0,0,0,0,0,0,3,2,5
4210902,0,0,0,1,0,0,0,0,1,0,0,1,0,0,0,3,3
4211009,0,0,0,0,0,0,0,0,4,0,0,0,0,0,2,2,4
4211058,0,0,0,0,4,0,0,0,0,0,0,0,0,0,2,2,4
4211108,0,0,0,0,0,0,0,0,7,0,0,0,0,0,7,0,7
4211207,0,0,0,0,0,0,0,0,6,0,1,0,0,0,6,1,7
4211256,0,0,1,0,0,1,0,0,2,0,0,0,0,0,3,1,4
4211306,0,0,0,0,0,0,0,0,3,0,1,0,0,0,4,0,4
4211405,0,0,0,5,0,0,0,0,0,0,0,0,0,0,4,1,5
4211454,0,0,0,4,0,0,0,0,1,0,0,0,0,0,2,3,5
4211504,0,0,1,17,0,2,5,0,6,0,0,0,0,0,20,11,31
4211603,0,0,0,2,0,0,1,0,5,0,0,0,0,0,8,0,8
4211652,0,0,0,3,0,0,0,0,2,0,0,0,0,0,4,1,5
4211702,0,0,0,5,0,2,0,0,0,0,0,0,0,0,5,2,7
4211751,0,0,0,3,0,0,0,0,6,0,0,0,0,0,3,6,9
4211801,0,0,0,3,1,0,0,0,1,0,0,0,0,0,1,4,5
4211850,0,0,0,1,0,0,0,0,8,0,0,0,0,0,9,0,9
4211876,0,0,0,1,0,0,0,0,0,0,0,0,0,0,1,0,1
4211900,0,0,0,34,0,0,0,0,13,0,1,0,0,0,43,5,48
4212007,0,0,0,5,0,0,0,0,2,0,0,0,0,0,6,1,7
4212056,0,0,0,0,0,0,0,0,2,0,0,0,0,0,1,1,2
4212106,0,0,0,3,0,0,0,0,2,0,0,1,0,0,5,1,6
4212205,0,0,0,0,0,0,0,0,9,0,0,0,0,0,9,0,9
4212239,0,0,0,2,0,0,0,0,1,0,0,0,0,0,1,2,3
4212254,0,0,0,0,6,0,0,0,1,0,0,0,0,0,4,3,7
4212270,0,0,0,7,0,0,0,0,3,0,0,0,0,0,10,0,10
4212304,0,0,0,3,0,0,0,0,0,0,9,0,0,0,11,1,12
4212502,0,0,0,2,0,0,0,0,4,0,0,0,0,0,6,0,6
4212650,0,0,0,4,0,0,0,0,2,0,1,0,0,0,6,1,7
4212700,0,0,0,1,0,0,0,0,1,0,0,0,0,0,1,1,2
4212809,0,0,0,8,0,0,0,0,2,0,1,0,0,0,9,2,11
4212908,0,0,0,0,0,0,0,0,1,0,0,0,0,0,1,0,1
4213005,0,0,0,1,0,0,0,0,1,0,0,0,0,0,1,1,2
4213104,0,0,0,3,0,0,0,0,1,0,0,0,0,0,4,0,4
4213153,0,0,0,2,0,1,0,0,1,0,0,0,0,0,4,0,4
4213203,0,0,7,10,0,0,0,0,4,0,7,0,0,0,27,1,28
4213302,0,0,0,0,0,0,0,0,2,0,0,0,0,0,2,0,2
4213351,0,0,0,0,0,0,1,0,1,0,0,0,0,0,2,0,2
4213401,0,0,0,3,0,0,0,0,4,0,0,0,0,0,6,1,7
4213500,0,0,0,10,0,0,0,0,4,0,0,0,0,0,14,0,14
4213609,0,0,0,5,0,2,0,0,3,0,0,0,0,0,8,2,10
4213708,0,0,0,0,0,0,0,0,9,0,0,0,0,0,6,3,9
4213807,0,0,0,0,0,6,0,0,1,0,0,0,0,0,3,4,7
4213906,0,0,0,2,0,1,0,0,0,0,0,0,0,0,2,1,3
4214003,0,0,7,5,0,5,1,0,17,0,0,1,0,0,19,17,36
4214102,0,0,0,2,0,0,0,0,0,0,0,0,0,0,2,0,2
4214151,0,0,0,2,0,0,0,0,0,0,0,0,0,0,1,1,2
4214201,0,0,0,2,0,0,0,0,3,0,0,0,0,0,4,1,5
4214300,0,0,0,2,0,0,0,0,0,0,1,0,0,0,3,0,3
4214409,0,0,0,3,0,1,0,0,1,0,0,0,0,0,4,1,5
4214508,0,0,1,0,3,0,0,0,0,0,0,4,0,0,3,5,8
4214607,0,0,0,3,0,0,0,0,3,0,0,1,0,0,4,3,7
4214706,0,0,0,2,0,0,0,0,11,0,0,0,0,0,10,3,13
4214805,0,0,1,6,0,0,1,0,0,0,1,10,0,0,14,5,19
4214904,0,0,0,3,0,4,0,0,4,0,0,0,0,0,11,0,11
4215000,0,0,0,4,0,0,0,0,2,0,0,0,0,0,4,2,6
4215059,0,0,0,6,0,0,0,0,1,0,0,0,0,0,7,0,7
4215109,0,0,1,5,0,0,0,0,4,0,5,1,0,0,16,0,16
4215208,0,0,0,0,0,0,0,0,2,0,0,0,0,0,1,1,2
4215307,0,0,0,4,0,0,3,0,2,0,0,1,0,0,9,1,10
4215406,0,0,0,1,0,0,0,0,2,0,0,0,0,0,2,1,3
4215455,0,0,0,4,0,0,1,0,1,0,7,0,0,0,13,0,13
4215505,0,0,0,5,0,0,0,0,4,0,0,0,0,0,8,1,9
4215604,0,0,0,9,0,1,0,0,0,0,0,0,0,0,10,0,10
4215653,0,0,0,1,1,0,0,0,2,0,0,0,0,0,2,2,4
4215679,0,0,0,0,0,0,0,0,4,0,0,0,0,0,4,0,4
4215687,0,0,0,0,0,0,0,0,1,0,0,0,0,0,0,1,1
4215695,0,0,0,3,0,0,0,0,0,0,0,0,0,0,3,0,3
4215703,0,0,0,11,0,2,1,0,6,0,0,0,0,0,20,0,20
4215752,0,0,0,2,0,0,0,0,0,0,0,0,0,0,0,2,2
4215802,0,0,1,19,0,0,0,0,13,0,0,0,0,0,32,1,33
4216008,0,0,0,7,0,2,0,0,3,0,0,0,0,0,8,4,12
4216057,0,0,0,3,1,0,0,0,0,0,0,0,0,0,3,1,4
4216107,0,0,0,0,0,0,0,0,5,0,0,0,0,0,5,0,5
4216206,0,0,0,9,0,0,0,0,2,0,3,0,0,0,13,1,14
4216255,0,0,0,1,0,0,0,0,0,0,0,0,0,0,1,0,1
4216305,0,0,0,17,0,1,1,0,21,0,0,0,0,0,32,8,40
4216354,0,0,0,0,0,0,0,0,1,0,0,0,0,0,1,0,1
4216404,0,0,0,0,1,0,0,0,0,0,0,0,0,0,1,0,1
4216503,0,0,0,10,0,0,0,0,4,0,1,0,0,0,9,6,15
4216602,0,0,0,36,0,1,1,0,2,0,10,0,0,0,43,7,50
4216701,0,0,0,1,0,0,0,0,6,0,0,0,0,0,7,0,7
4216800,0,0,0,4,0,0,0,0,4,0,0,0,0,0,7,1,8
4216909,0,0,0,6,0,0,0,0,0,0,0,0,0,0,4,2,6
4217006,0,0,0,0,0,0,0,0,0,0,2,0,0,0,2,0,2
4217105,0,0,0,4,0,0,0,0,0,0,0,0,0,0,4,0,4
4217204,0,0,0,4,0,0,1,0,2,0,0,0,0,0,5,2,7
4217253,0,0,0,4,0,1,0,0,0,0,0,1,0,0,5,1,6
4217303,0,0,0,0,4,0,0,0,0,0,0,0,0,0,0,4,4
4217402,0,0,1,12,0,1,0,0,7,0,0,0,0,0,20,1,21
4217501,0,0,0,15,0,1,0,0,6,0,0,0,0,0,10,12,22
4217600,0,0,0,2,0,1,0,0,9,0,0,0,0,0,9,3,12
4217709,0,0,0,0,5,0,0,0,0,0,0,0,0,0,5,0,5
4217758,0,0,0,2,0,0,0,0,0,0,0,0,0,0,1,1,2
4217808,0,0,0,4,0,0,0,0,4,0,0,0,0,0,8,0,8
4217907,0,0,0,2,1,1,0,0,0,0,0,0,0,0,2,2,4
4218004,0,0,0,3,0,0,0,0,8,0,0,0,0,0,11,0,11
4218103,0,0,1,3,0,42,3,0,0,0,1,0,0,0,37,13,50
4218202,0,0,0,25,0,0,0,0,9,0,0,0,0,0,20,14,34
4218251,0,0,0,4,0,0,0,0,3,0,0,0,0,0,6,1,7
4218301,0,0,0,0,0,0,0,0,6,0,0,0,0,0,5,1,6
4218350,0,0,0,1,0,0,0,0,2,0,0,0,0,0,3,0,3
4218400,0,0,0,0,0,0,0,0,0,0,1,0,0,0,1,0,1
4218509,0,0,0,0,0,0,0,0,1,0,0,0,0,0,1,0,1
4218608,0,0,0,0,0,0,1,0,10,0,0,0,0,0,6,5,11
4218707,0,0,2,9,0,0,2,0,7,0,34,0,0,0,54,0,54
4218756,0,0,0,1,0,0,0,0,1,0,0,0,0,0,1,1,2
4218806,0,0,0,1,0,0,0,0,5,0,0,0,0,0,6,0,6
4218855,0,0,0,0,0,0,0,0,1,0,0,0,0,0,1,0,1
4218905,0,0,0,4,0,0,3,0,2,0,0,0,0,0,5,4,9
4219002,0,0,0,2,0,0,0,0,10,0,0,0,0,0,7,5,12
4219101,0,0,0,3,0,1,0,0,3,0,0,0,0,0,6,1,7
4219150,0,0,0,0,1,0,0,0,8,0,0,0,0,0,2,7,9
4219176,0,0,0,1,0,0,0,0,1,0,0,0,0,0,1,1,2
4219200,0,0,0,3,0,1,5,0,2,0,0,0,0,0,10,1,11
4219309,0,0,0,22,9,0,0,0,1,0,5,1,0,0,17,21,38
4219358,0,0,0,1,0,0,0,0,5,0,0,0,0,0,6,0,6
4219408,0,0,0,2,0,0,0,0,4,0,0,0,0,0,6,0,6
4219507,0,0,0,2,0,0,0,0,5,0,0,0,0,0,3,4,7
4219606,0,0,0,6,0,0,0,0,0,0,0,0,0,0,6,0,6
4219705,0,0,0,0,0,0,0,0,5,0,0,0,0,0,2,3,5
4219853,0,0,0,2,0,0,0,0,7,0,0,0,0,0,8,1,9
4220000,0,0,0,0,0,0,0,0,5,0,0,0,0,0,5,0,5
4300002,0,0,0,0,0,0,0,0,2,0,0,0,0,0,2,0,2
4300109,0,0,2,1,0,0,0,0,2,0,1,0,0,0,0,6,6
4300406,0,0,0,0,0,0,0,0,5,0,0,0,0,0,5,0,5
4300570,0,0,1,1,0,0,0,0,0,0,0,0,0,0,2,0,2
4300604,0,0,0,0,0,0,0,0,13,0,0,0,0,0,9,4,13
4300851,3,0,0,0,0,0,0,0,3,0,0,0,0,0,6,0,6
4301008,0,0,1,6,0,0,0,0,24,0,0,0,0,0,20,11,31
4301206,0,0,0,4,1,0,7,0,1,0,0,0,0,0,6,7,13
4301305,0,0,0,0,0,0,0,0,2,0,0,0,0,0,2,0,2
4301859,0,0,0,1,0,0,0,0,2,0,0,0,0,0,3,0,3
4301925,0,0,0,2,0,1,0,0,1,0,0,0,0,0,3,1,4
4302105,0,0,0,5,0,0,0,0,0,0,1,0,0,0,5,1,6
4302352,0,0,0,13,0,0,1,0,8,0,0,2,0,0,19,5,24
4302402,0,0,0,0,0,0,0,0,13,0,0,0,0,0,13,0,13
4303004,0,0,0,8,0,2,0,0,11,0,0,0,0,0,10,11,21
4303103,0,0,0,0,0,0,0,0,13,0,0,0,0,0,8,5,13
4303905,1,0,0,3,0,0,0,0,4,0,0,0,0,0,8,0,8
4304200,0,0,0,6,0,3,0,0,22,0,0,3,0,0,1,33,34
4304408,0,0,0,25,0,3,1,0,4,0,0,0,0,0,16,17,33
4304507,0,0,0,2,0,0,0,0,0,0,0,0,0,0,2,0,2
4304606,0,0,0,0,0,0,0,0,16,0,0,0,0,0,8,8,16
4304614,0,0,1,7,0,0,0,0,0,0,0,2,0,0,10,0,10
4304663,0,0,0,0,0,0,1,0,5,0,0,0,0,0,6,0,6
4304697,0,0,1,9,0,5,0,0,0,0,0,3,0,0,8,10,18
4305108,1,0,1,90,2,8,3,0,16,0,17,6,1,0,72,73,145
4305132,0,0,0,5,0,2,1,0,7,0,0,0,0,0,8,7,15
4305355,0,0,0,0,0,0,0,0,5,0,0,0,0,0,3,2,5
4305587,0,0,0,1,0,0,0,0,5,0,0,0,0,0,5,1,6
4305835,0,0,0,2,0,0,0,0,4,0,0,0,0,0,4,2,6
4305959,0,0,0,22,0,3,0,0,9,0,0,2,0,0,14,22,36
4306205,0,0,0,0,0,0,0,0,9,0,0,1,0,0,3,7,10
4306601,0,0,0,0,0,0,0,0,1,0,0,0,0,0,1,0,1
4306700,0,0,0,1,0,0,0,0,14,0,0,2,0,0,7,10,17
4306759,0,0,0,8,0,8,0,0,0,0,0,0,0,0,9,7,16
4306767,0,0,0,0,0,0,0,0,15,0,0,0,0,0,6,9,15
4306809,0,0,0,18,0,15,1,0,8,0,2,1,0,0,23,22,45
4307708,0,0,0,0,0,0,3,0,18,0,1,0,0,0,10,12,22
4307807,0,0,0,0,0,0,0,0,38,0,0,0,0,0,20,18,38
4307906,0,0,0,13,0,4,1,0,3,0,2,0,0,0,12,11,23
4308003,0,0,1,17,0,2,3,0,6,0,0,1,0,0,17,13,30
4308102,0,0,2,16,0,0,0,0,13,0,0,5,0,0,32,4,36
4308300,0,0,2,6,0,0,0,0,3,0,3,0,0,0,7,7,14
4308433,0,0,2,8,0,0,0,0,11,0,0,1,0,0,20,2,22
4308508,0,0,0,10,0,0,1,0,0,0,2,0,0,0,9,4,13
4308805,0,0,0,0,0,0,0,0,14,0,0,0,0,0,14,0,14
4309100,0,0,0,51,0,1,4,0,4,0,2,6,0,0,42,26,68
4309308,0,0,0,0,0,0,0,0,10,0,0,0,0,0,3,7,10
4309407,0,0,0,8,0,1,1,0,3,0,1,0,0,0,7,7,14
4309605,0,0,0,0,0,0,0,0,1,0,0,0,0,0,1,0,1
4309753,0,0,2,12,0,0,0,0,6,0,2,0,0,0,10,12,22
4310108,0,0,0,16,0,0,0,0,25,0,5,3,0,0,32,17,49
4310363,0,0,2,13,0,2,1,0,7,0,0,1,0,0,19,7,26
4310504,0,0,0,0,0,0,0,0,2,0,0,0,0,0,2,0,2
4310603,0,0,0,0,0,0,0,0,2,0,0,0,0,0,2,0,2
4310652,0,0,1,1,0,13,0,0,1,0,0,4,0,0,15,5,20
4310751,0,0,2,2,0,0,0,0,6,0,0,0,0,0,2,8,10
4310801,0,0,0,5,0,0,0,0,1,0,0,0,0,0,5,1,6
4311007,0,0,0,0,0,0,0,0,2,0,0,0,0,0,2,0,2
4311106,0,0,0,2,0,0,0,0,9,0,0,0,0,0,7,4,11
4311403,0,0,0,0,0,0,0,0,19,0,0,0,0,0,13,6,19
4311775,0,0,1,7,0,17,1,0,8,0,4,5,0,0,23,20,43
4312054,0,0,0,2,0,0,0,0,7,0,0,0,0,0,8,1,9
4312252,0,0,0,0,0,0,0,0,11,0,0,0,0,0,11,0,11
4312401,0,0,0,3,0,0,0,0,16,0,0,0,0,0,13,6,19
4312609,0,0,2,12,0,0,0,0,9,0,0,0,0,0,15,8,23
4313060,0,0,0,7,0,4,0,0,4,0,0,0,0,0,12,3,15
4313102,0,0,0,8,0,4,0,0,14,0,0,0,0,0,18,8,26
4313201,0,0,0,38,0,13,0,0,3,0,1,13,0,0,30,38,68
4313375,0,0,0,1,0,1,0,0,13,0,0,0,0,0,9,6,15
4313409,0,0,0,20,0,2,6,0,10,0,0,0,0,0,21,17,38
4313953,0,0,0,0,0,0,0,0,3,0,0,0,0,0,2,1,3
4314027,1,0,0,5,0,0,1,0,3,0,0,0,0,0,2,8,10
4314035,0,0,0,1,0,0,0,0,9,0,0,0,0,0,10,0,10
4314050,0,0,0,3,0,0,0,0,10,0,1,1,0,0,11,4,15
4314068,0,0,0,1,0,0,3,0,4,0,0,0,0,0,2,6,8
4314076,3,0,0,0,0,0,0,0,2,0,0,0,0,0,5,0,5
4314209,0,0,0,0,1,0,0,0,0,0,0,0,0,0,1,0,1
4314407,0,0,0,0,0,0,0,0,11,0,0,0,0,0,6,5,11
4314472,0,0,1,2,0,0,0,0,1,0,0,0,0,0,1,3,4
4314787,0,0,0,0,0,0,0,0,2,0,0,0,0,0,1,1,2
4314803,0,0,0,1,0,0,0,0,8,0,0,0,0,0,8,1,9
4314902,0,0,4,44,0,39,5,0,43,0,10,0,0,0,92,53,145
4315057,0,0,0,0,0,0,0,0,1,0,0,0,0,0,1,0,1
4315107,0,0,0,0,0,0,0,0,3,0,0,0,0,0,1,2,3
4315131,0,0,0,5,0,0,0,0,2,0,0,0,0,0,6,1,7
4315206,0,0,0,27,0,10,0,0,0,0,0,1,0,0,12,26,38
4315305,0,0,0,0,0,0,0,0,4,0,0,0,0,0,4,0,4
4315453,0,0,3,6,0,0,0,0,1,0,0,0,0,0,9,1,10
4315503,0,0,0,0,0,0,5,0,5,0,0,0,0,0,4,6,10
4315602,0,0,0,0,0,0,0,0,22,0,0,0,0,0,11,11,22
4315701,0,0,0,0,0,0,0,0,24,0,0,0,0,0,13,11,24
4315800,0,0,0,2,0,1,0,0,31,0,0,0,0,0,17,17,34
4316006,0,0,0,17,0,19,2,0,2,0,2,2,0,0,29,15,44
4316402,0,0,0,0,4,0,0,0,0,0,0,0,0,0,4,0,4
4316808,0,0,0,4,0,0,0,0,9,0,1,2,0,0,7,9,16
4316907,0,0,0,16,0,1,5,0,13,0,1,0,0,0,22,14,36
4317251,0,0,3,5,0,0,0,0,22,0,0,7,0,0,16,21,37
4317608,0,0,0,1,0,0,0,0,4,0,1,0,0,0,4,2,6
4318002,0,0,0,0,0,0,0,0,4,0,0,0,0,0,4,0,4
4318408,0,0,0,1,0,0,0,0,11,0,0,0,0,0,2,10,12
4318432,3,0,3,6,0,0,0,0,5,0,1,4,0,0,8,14,22
4318465,0,0,0,20,0,8,0,0,0,0,0,0,0,0,12,16,28
4318507,0,0,0,0,0,0,0,0,13,0,0,0,0,0,7,6,13
4318705,0,0,0,1,1,2,4,0,24,0,1,0,0,0,10,23,33
4318804,0,0,0,0,0,0,0,0,4,0,0,0,0,0,4,0,4
4319125,0,0,0,2,0,0,0,0,15,0,0,0,0,0,15,2,17
4319505,0,0,0,6,0,2,0,0,11,0,1,1,0,0,17,4,21
4319711,0,0,2,10,0,0,0,0,4,0,0,0,0,0,6,10,16
4319752,0,0,0,8,0,0,0,0,5,0,0,1,0,0,14,0,14
4320008,0,0,0,4,4,0,3,0,18,0,1,0,0,0,14,16,30
4320263,0,0,0,0,0,0,0,0,11,0,0,0,0,0,1,10,11
4320602,0,0,0,2,0,0,0,0,2,0,0,0,0,0,3,1,4
4320651,0,0,1,4,0,0,0,0,0,0,0,0,0,0,0,5,5
4320677,0,0,1,3,0,0,0,0,8,0,0,0,0,0,11,1,12
4320701,0,0,0,1,0,0,0,0,8,0,0,0,0,0,2,7,9
4320800,0,0,0,1,0,0,0,0,6,0,0,0,0,0,5,2,7
4321204,0,0,0,2,0,0,0,0,6,0,0,2,0,0,5,5,10
4321303,0,0,0,0,0,0,0,0,19,0,0,0,0,0,19,0,19
4321451,0,0,0,2,0,0,0,0,2,0,0,0,0,0,4,0,4
4321501,0,0,0,1,0,0,0,0,4,0,0,0,0,0,5,0,5
4321600,0,0,0,0,0,0,0,0,3,0,0,0,0,0,2,1,3
4321626,0,0,1,4,0,0,0,0,0,0,2,1,0,0,5,3,8
4321709,0,0,1,26,0,9,0,0,0,0,1,1,0,0,13,25,38
4321832,0,0,1,3,0,2,0,0,6,0,0,5,0,0,12,5,17
4322004,0,0,0,1,0,0,0,0,21,0,0,0,0,0,7,15,22
4322400,0,0,0,0,0,0,0,0,4,0,0,0,0,0,4,0,4
4322525,0,0,0,0,0,0,0,0,7,0,0,0,0,0,7,0,7
4322608,0,0,0,0,0,0,0,0,6,1,0,0,0,0,7,0,7
4322707,0,0,0,2,0,0,0,0,7,0,0,0,0,0,8,1,9
4322806,0,0,0,54,0,1,2,0,10,0,1,0,0,0,14,54,68
4322855,0,0,0,2,0,0,0,0,2,0,0,1,0,0,5,0,5
4323002,2,0,0,1,0,0,0,0,14,0,0,0,0,0,12,5,17
5000708,0,0,0,0,0,0,0,0,1,0,0,0,0,0,1,0,1
5001102,0,0,0,0,0,0,0,0,2,0,0,0,0,0,2,0,2
5001904,0,1,0,0,0,0,0,0,0,0,0,0,0,0,1,0,1
5002001,0,0,0,0,1,0,0,0,0,0,0,0,0,0,1,0,1
5002100,0,0,0,0,0,0,0,0,1,0,0,0,0,0,1,0,1
5002209,0,0,0,0,0,0,0,0,2,0,0,0,0,0,2,0,2
5002605,0,0,0,3,0,0,0,0,1,0,0,0,0,0,4,0,4
5002704,0,0,0,0,0,0,0,0,4,0,0,0,0,0,4,0,4
5003207,0,0,0,4,0,0,1,0,0,0,0,0,0,0,5,0,5
5003306,0,0,0,0,0,0,0,0,1,0,0,0,0,0,1,0,1
5003702,0,0,0,0,0,0,0,0,1,0,0,0,0,0,1,0,1
5004106,0,0,0,0,2,0,0,0,0,0,0,0,0,0,2,0,2
5004700,0,0,0,0,0,0,1,0,0,0,0,0,0,0,1,0,1
5005202,0,0,0,0,0,0,0,0,0,0,2,0,0,0,2,0,2
5005608,0,0,0,0,0,0,0,0,7,0,0,0,0,0,5,2,7
5005806,0,0,0,0,0,0,0,0,2,0,0,0,0,0,2,0,2
5006606,0,0,0,0,0,0,0,0,4,0,0,0,0,0,3,1,4
5006903,0,0,0,0,0,0,0,0,1,0,0,0,0,0,1,0,1
5101308,1,1,0,0,0,0,0,0,2,0,0,0,0,0,3,1,4
5101704,0,0,0,0,6,0,0,0,0,0,0,0,0,0,6,0,6
5101803,0,0,0,8,0,4,0,0,0,0,8,0,0,0,10,10,20
5103254,0,0,0,0,0,0,0,0,1,0,0,0,0,0,1,0,1
5103304,0,0,0,0,0,0,2,0,0,0,0,0,0,0,2,0,2
5103403,0,0,0,1,0,0,1,0,6,0,0,0,0,0,7,1,8
5105259,0,0,0,0,0,0,0,0,1,0,0,0,1,0,1,1,2
5105903,2,0,0,0,0,0,1,0,1,0,0,0,0,0,4,0,4
5106109,0,0,0,0,1,0,0,0,0,0,0,0,0,0,1,0,1
5106224,4,0,0,0,0,0,0,0,0,0,0,0,0,0,4,0,4
5106232,0,0,0,0,1,0,0,0,0,0,0,0,0,0,0,1,1
5106257,10,1,0,1,0,0,0,0,3,0,0,0,0,0,11,4,15
5106307,0,0,0,0,8,0,0,0,0,0,0,0,0,0,6,2,8
5106422,0,0,0,0,2,0,1,0,0,0,1,0,0,0,2,2,4
5107040,0,0,0,3,0,2,1,0,0,0,0,0,0,0,4,2,6
5107776,0,0,0,2,6,1,0,0,0,0,0,0,0,0,4,5,9
5107800,0,0,0,0,11,0,0,0,0,0,0,0,0,0,8,3,11
5107909,0,0,0,0,1,0,0,0,0,0,0,0,0,0,0,1,1
5107925,0,0,0,0,1,3,0,0,0,0,0,0,0,0,3,1,4
5108402,0,0,0,0,2,0,0,0,30,0,0,0,0,0,30,2,32
5200308,0,0,0,0,0,0,2,0,0,0,0,0,0,0,2,0,2
5201108,0,0,0,9,0,0,13,0,1,0,0,0,0,0,12,11,23
5201405,0,0,0,8,0,0,9,0,1,0,0,0,0,0,16,2,18
5204508,0,0,0,0,0,1,2,0,4,0,0,0,0,0,6,1,7
5205406,0,0,0,5,0,2,0,0,1,0,0,0,0,0,7,1,8
5208004,0,0,0,3,0,0,1,0,6,0,0,0,0,0,9,1,10
5208707,0,0,0,2,0,0,9,0,12,0,1,0,0,0,15,9,24
5208905,0,0,0,1,0,0,0,0,0,0,0,0,0,0,0,1,1
5210802,0,0,0,0,1,0,0,0,0,0,0,0,0,0,1,0,1
5211909,0,0,0,0,1,0,0,0,0,0,0,0,0,0,1,0,1
5212253,0,0,0,0,0,0,0,0,1,0,0,0,0,0,1,0,1
5213103,0,0,0,0,0,0,0,0,1,0,0,0,0,0,1,0,1
5215231,0,0,0,5,0,0,4,0,0,0,0,0,0,0,9,0,9
5217302,0,0,0,1,0,2,0,0,3,0,0,0,0,0,6,0,6
5218508,0,0,0,0,1,0,0,0,0,0,0,0,0,0,1,0,1
5219308,0,0,0,0,2,0,0,0,0,0,0,0,0,0,2,0,2
5219407,0,0,0,0,1,0,0,0,0,0,0,0,0,0,1,0,1
5220454,0,0,0,8,0,2,0,0,1,0,0,0,0,0,10,1,11
5220603,0,0,0,4,0,0,5,0,0,0,0,0,0,0,9,0,9
5300108,0,0,0,18,0,2,1,0,1,0,0,0,0,0,20,2,22
